AccountNumber,AccountHolder,Balance,LastTransactionDate,DaysSinceLastTransaction,ChurnRisk
100268,"Patricia Martinez",1295.11,2024-10-09,151,"Medium Risk of Churn"
794774,"Michael Taylor",44989.91,2024-09-20,170,"Medium Risk of Churn"
393230,"Richard Jones",27956.67,2024-11-22,107,"Medium Risk of Churn"
933728,"John Williams",45634.62,2024-10-07,153,"Medium Risk of Churn"
102194,"Linda Smith",28165.81,2024-10-19,141,"Medium Risk of Churn"
930814,"Robert Lopez",41227.38,2024-09-12,178,"Medium Risk of Churn"
925299,Unknown,37003.78,2024-09-18,172,"Medium Risk of Churn"
105468,"Charles Brown",39282.28,2024-11-28,101,"Medium Risk of Churn"
473801,"Linda Rodriguez",33780.08,2024-11-16,113,"Medium Risk of Churn"
474054,"William Rodriguez",25636.03,2024-10-22,138,"Medium Risk of Churn"
319021,"Elizabeth Anderson",35457.14,2024-09-13,177,"Medium Risk of Churn"
109474,"Richard Rodriguez",7408.18,2024-10-12,148,"Medium Risk of Churn"
555445,"Sarah Taylor",1653.02,2024-10-05,155,"Medium Risk of Churn"
232531,"Elizabeth Davis",30779.94,2024-10-10,150,"Medium Risk of Churn"
705974,"Jennifer Anderson",47715.96,2024-11-25,104,"Medium Risk of Churn"
771011,"Michael Moore",7735.94,2024-11-18,111,"Medium Risk of Churn"
879077,"Joseph Williams",47361.73,2024-09-30,160,"Medium Risk of Churn"
834035,"Michael Miller",12585.99,2024-09-10,180,"Medium Risk of Churn"
478475,"William Garcia",26428.26,2024-09-25,165,"Medium Risk of Churn"
479052,"John Smith",16516.97,2024-10-24,136,"Medium Risk of Churn"
830129,"Thomas Brown",21543.68,2024-11-14,115,"Medium Risk of Churn"
575899,"Mary Jones",43733.76,2024-11-29,100,"Medium Risk of Churn"
327017,"Mary Garcia",38151.19,2024-11-09,120,"Medium Risk of Churn"
697263,"Robert Gonzalez",25636.03,2024-12-02,97,"Medium Risk of Churn"
124845,"Elizabeth Moore",5346.81,2024-09-21,169,"Medium Risk of Churn"
755110,"Joseph Gonzalez",17277.04,2024-12-03,96,"Medium Risk of Churn"
246136,"Charles Williams",16316.14,2024-10-20,140,"Medium Risk of Churn"
825566,"Karen Jackson",34656.14,2024-12-06,93,"Medium Risk of Churn"
413035,"Jessica Thomas",15366.22,2024-09-26,164,"Medium Risk of Churn"
875193,"Robert Davis",38642.93,2024-10-17,143,"Medium Risk of Churn"
248540,"Mary Taylor",44294.34,2024-12-04,95,"Medium Risk of Churn"
250484,"John Martin",27978.62,2024-09-15,175,"Medium Risk of Churn"
871727,"James Smith",40066.11,2024-09-11,179,"Medium Risk of Churn"
251672,"Susan Martin",29763.43,2024-11-03,126,"Medium Risk of Churn"
254514,"James Smith",20202.48,2024-11-05,124,"Medium Risk of Churn"
752678,"Barbara Anderson",32460.37,2024-09-19,171,"Medium Risk of Churn"
257222,"Mary Williams",9678.09,2024-11-23,106,"Medium Risk of Churn"
488440,"Mary Garcia",39151.43,2024-09-29,161,"Medium Risk of Churn"
422499,"John Smith",3112.47,2024-09-28,162,"Medium Risk of Churn"
489292,"Michael Wilson",27249.93,2024-09-14,176,"Medium Risk of Churn"
152568,"Linda Thomas",25636.03,2024-11-13,116,"Medium Risk of Churn"
536128,"Michael Johnson",25636.03,2024-10-15,145,"Medium Risk of Churn"
591704,"Barbara Davis",27774.09,2024-10-25,135,"Medium Risk of Churn"
491233,"Michael Taylor",40845.69,2024-10-31,129,"Medium Risk of Churn"
631617,"Richard Davis",4249.05,2024-10-29,131,"Medium Risk of Churn"
340533,"Karen Anderson",19702.76,2024-11-15,114,"Medium Risk of Churn"
273481,"John Garcia",25636.03,2024-09-24,166,"Medium Risk of Churn"
160085,"Jennifer Garcia",33595.97,2024-10-26,134,"Medium Risk of Churn"
539827,"Jessica Moore",30900.71,2024-11-20,109,"Medium Risk of Churn"
820202,"Charles Anderson",17986.04,2024-09-22,168,"Medium Risk of Churn"
560576,"Thomas Martin",26625.54,2024-10-27,133,"Medium Risk of Churn"
163107,"Richard Garcia",19002.32,2024-11-07,122,"Medium Risk of Churn"
679169,"Richard Smith",39472.66,2024-11-19,110,"Medium Risk of Churn"
164039,"Susan Lopez",34574.49,2024-10-23,137,"Medium Risk of Churn"
439467,"Thomas Jackson",11946.44,2024-11-26,103,"Medium Risk of Churn"
278036,"Richard Martinez",22951.33,2024-11-11,118,"Medium Risk of Churn"
808573,"John Garcia",14232.29,2024-10-06,154,"Medium Risk of Churn"
733075,"Michael Hernandez",31907.70,2024-09-23,167,"Medium Risk of Churn"
168462,"Linda Anderson",24682.38,2024-10-14,146,"Medium Risk of Churn"
664674,"Elizabeth Martin",22083.90,2024-11-02,127,"Medium Risk of Churn"
581771,"Robert Jones",33718.17,2024-12-05,94,"Medium Risk of Churn"
282848,"Jennifer Anderson",5018.02,2024-10-04,156,"Medium Risk of Churn"
860035,"Richard Smith",6037.59,2024-11-06,123,"Medium Risk of Churn"
803319,"John Thomas",16760.58,2024-10-18,142,"Medium Risk of Churn"
859997,"Jennifer Taylor",16458.11,2024-09-27,163,"Medium Risk of Churn"
795109,"Thomas Anderson",4398.63,2024-11-10,119,"Medium Risk of Churn"
545627,"Linda Lopez",34416.78,2024-10-11,149,"Medium Risk of Churn"
182086,"Barbara Brown",25466.98,2024-10-03,157,"Medium Risk of Churn"
857976,"Richard Gonzalez",49567.26,2024-12-01,98,"Medium Risk of Churn"
640162,"John Anderson",18674.90,2024-10-21,139,"Medium Risk of Churn"
842559,"Michael Anderson",25636.03,2024-10-16,144,"Medium Risk of Churn"
290741,"Patricia Garcia",40336.99,2024-12-08,91,"Medium Risk of Churn"
508418,"Richard Martinez",34060.81,2024-11-04,125,"Medium Risk of Churn"
546811,"Sarah Davis",18996.66,2024-11-01,128,"Medium Risk of Churn"
511482,"Susan Martin",13851.99,2024-10-28,132,"Medium Risk of Churn"
720795,"Michael Miller",5438.77,2024-10-30,130,"Medium Risk of Churn"
841566,"Joseph Johnson",9164.66,2024-10-02,158,"Medium Risk of Churn"
995615,"Sarah Wilson",11212.30,2024-11-21,108,"Medium Risk of Churn"
547257,"Patricia Miller",35737.75,2024-09-16,174,"Medium Risk of Churn"
583223,"Susan Miller",48380.26,2024-10-08,152,"Medium Risk of Churn"
522275,"Mary Anderson",27853.72,2024-10-01,159,"Medium Risk of Churn"
992035,"James Taylor",43223.69,2024-10-13,147,"Medium Risk of Churn"
730378,Unknown,11244.18,2024-09-17,173,"Medium Risk of Churn"
972463,"Patricia Brown",25636.03,2024-11-17,112,"Medium Risk of Churn"
306082,"Thomas Jackson",25641.32,2024-11-08,121,"Medium Risk of Churn"
637522,"Mary Martin",41501.73,2024-12-07,92,"Medium Risk of Churn"
309277,"Mary Garcia",41462.79,2024-11-24,105,"Medium Risk of Churn"
952259,"David Martinez",30820.44,2024-11-12,117,"Medium Risk of Churn"
944863,"Elizabeth Wilson",47800.53,2024-12-09,90,"Medium Risk of Churn"
390421,"Susan Hernandez",28572.03,2024-11-27,102,"Medium Risk of Churn"
553637,"Susan Martinez",13747.60,2024-11-30,99,"Medium Risk of Churn"
935337,"Joseph Jones",27306.38,2025-02-23,14,"Low Risk of Churn"
100876,"Elizabeth Anderson",40929.93,2025-02-12,25,"Low Risk of Churn"
938020,"Elizabeth Martin",13327.77,NULL,NULL,"Low Risk of Churn"
104716,"Karen Taylor",24824.46,2025-06-18,-101,"Low Risk of Churn"
104796,"Charles Hernandez",14831.37,2025-06-04,-87,"Low Risk of Churn"
940376,"Susan Hernandez",25636.03,2025-09-17,-192,"Low Risk of Churn"
107687,"Jessica Taylor",18717.21,2025-04-13,-35,"Low Risk of Churn"
109038,"Michael Jones",18458.48,2025-07-12,-125,"Low Risk of Churn"
941230,"William Davis",36383.76,2025-05-08,-60,"Low Risk of Churn"
110018,"Charles Brown",44065.90,NULL,NULL,"Low Risk of Churn"
110040,"William Lopez",36876.23,NULL,NULL,"Low Risk of Churn"
941994,"Patricia Moore",44424.20,NULL,NULL,"Low Risk of Churn"
118749,"Barbara Lopez",4143.09,2025-05-04,-56,"Low Risk of Churn"
119118,"Charles Williams",18217.57,2025-03-23,-14,"Low Risk of Churn"
944342,"Sarah Lopez",20264.99,2025-02-21,16,"Low Risk of Churn"
119466,"John Gonzalez",8117.24,2025-08-29,-173,"Low Risk of Churn"
121787,"Charles Miller",14589.55,NULL,NULL,"Low Risk of Churn"
122094,"Thomas Williams",44878.96,NULL,NULL,"Low Risk of Churn"
123228,"James Smith",26449.76,2025-02-07,30,"Low Risk of Churn"
123664,"Patricia Rodriguez",4648.37,NULL,NULL,"Low Risk of Churn"
945486,"Michael Martinez",28053.18,2025-09-24,-199,"Low Risk of Churn"
127491,"Sarah Garcia",44932.62,2025-02-27,10,"Low Risk of Churn"
130174,"Joseph Taylor",31945.68,2024-12-16,83,"Low Risk of Churn"
133095,"Elizabeth Brown",34608.94,NULL,NULL,"Low Risk of Churn"
137059,"Jessica Taylor",17631.64,2025-02-10,27,"Low Risk of Churn"
138073,"Thomas Wilson",11287.14,NULL,NULL,"Low Risk of Churn"
139364,"Richard Williams",5985.51,2025-06-16,-99,"Low Risk of Churn"
139679,Unknown,23143.60,NULL,NULL,"Low Risk of Churn"
140388,"Patricia Jackson",26414.30,2024-12-15,84,"Low Risk of Churn"
946555,"Charles Smith",16594.62,2025-02-02,35,"Low Risk of Churn"
147588,"Richard Lopez",9057.84,NULL,NULL,"Low Risk of Churn"
947781,"Karen Davis",48770.24,NULL,NULL,"Low Risk of Churn"
148061,"Richard Martin",12638.78,NULL,NULL,"Low Risk of Churn"
948190,"Robert Lopez",32971.00,2025-08-17,-161,"Low Risk of Churn"
949183,Unknown,36270.40,2025-04-30,-52,"Low Risk of Churn"
152932,"Jennifer Martinez",25636.03,2025-07-08,-121,"Low Risk of Churn"
153808,"Robert Miller",15021.74,2025-04-10,-32,"Low Risk of Churn"
155215,Unknown,11833.11,NULL,NULL,"Low Risk of Churn"
156023,"Michael Wilson",46666.05,2025-03-27,-18,"Low Risk of Churn"
158105,"Thomas Lopez",4944.23,2025-02-24,13,"Low Risk of Churn"
950770,"Robert Anderson",832.56,2025-07-04,-117,"Low Risk of Churn"
160902,"David Martinez",11388.52,NULL,NULL,"Low Risk of Churn"
161495,"Jessica Garcia",28886.45,2025-09-19,-194,"Low Risk of Churn"
951910,"Michael Davis",5774.96,2025-02-25,12,"Low Risk of Churn"
953005,"David Jackson",1384.16,2025-09-08,-183,"Low Risk of Churn"
164045,"Jennifer Davis",12995.34,2025-05-15,-67,"Low Risk of Churn"
953429,"Robert Brown",8502.62,2025-08-31,-175,"Low Risk of Churn"
167736,"Michael Davis",44646.66,2025-07-29,-142,"Low Risk of Churn"
167797,"Elizabeth Williams",41366.77,NULL,NULL,"Low Risk of Churn"
169383,"David Martinez",16244.19,2025-03-24,-15,"Low Risk of Churn"
169900,"Michael Anderson",27915.48,2025-06-23,-106,"Low Risk of Churn"
956852,"Charles Smith",5561.16,NULL,NULL,"Low Risk of Churn"
171744,"James Wilson",15868.00,2025-06-29,-112,"Low Risk of Churn"
174120,Unknown,18670.91,2025-07-13,-126,"Low Risk of Churn"
178167,Unknown,48099.58,NULL,NULL,"Low Risk of Churn"
178253,"Barbara Wilson",15363.51,NULL,NULL,"Low Risk of Churn"
180957,"Karen Gonzalez",30703.50,NULL,NULL,"Low Risk of Churn"
958711,"John Hernandez",25636.03,NULL,NULL,"Low Risk of Churn"
183246,"Barbara Moore",31065.40,NULL,NULL,"Low Risk of Churn"
185353,"Robert Anderson",30245.44,NULL,NULL,"Low Risk of Churn"
187452,"Jennifer Brown",26701.18,NULL,NULL,"Low Risk of Churn"
190031,"William Jones",41349.36,2025-08-21,-165,"Low Risk of Churn"
191172,"Jennifer Wilson",13268.40,NULL,NULL,"Low Risk of Churn"
958812,"Patricia Jones",25636.03,NULL,NULL,"Low Risk of Churn"
193639,"Richard Williams",31695.83,NULL,NULL,"Low Risk of Churn"
194028,"Linda Miller",16144.23,2025-08-19,-163,"Low Risk of Churn"
195020,"Karen Martin",39077.70,2025-03-01,8,"Low Risk of Churn"
196646,"Thomas Lopez",43319.65,2025-07-10,-123,"Low Risk of Churn"
959008,"Michael Williams",45094.21,2025-02-13,24,"Low Risk of Churn"
197475,"Jessica Williams",33487.29,2024-12-11,88,"Low Risk of Churn"
198037,"Sarah Jackson",33227.94,NULL,NULL,"Low Risk of Churn"
199241,"Thomas Rodriguez",21303.80,2024-12-23,76,"Low Risk of Churn"
200570,"John Rodriguez",3380.13,2025-04-15,-37,"Low Risk of Churn"
202666,"Jessica Martinez",7865.31,2025-04-02,-24,"Low Risk of Churn"
203993,Unknown,19672.83,NULL,NULL,"Low Risk of Churn"
204982,"Barbara Anderson",48083.93,NULL,NULL,"Low Risk of Churn"
205576,"Susan Taylor",13506.26,2025-05-20,-72,"Low Risk of Churn"
206174,"John Smith",16735.15,2025-06-28,-111,"Low Risk of Churn"
959316,"Susan Thomas",13124.10,2025-01-20,48,"Low Risk of Churn"
960451,"David Martin",24248.38,NULL,NULL,"Low Risk of Churn"
217280,Unknown,48542.10,NULL,NULL,"Low Risk of Churn"
961561,"Jennifer Johnson",46109.50,2025-08-07,-151,"Low Risk of Churn"
220607,"Charles Hernandez",21541.81,2025-07-26,-139,"Low Risk of Churn"
964957,"Sarah Jones",33908.85,NULL,NULL,"Low Risk of Churn"
228352,"Susan Johnson",46015.59,2025-07-03,-116,"Low Risk of Churn"
228660,"Patricia Williams",21438.41,NULL,NULL,"Low Risk of Churn"
231592,"Joseph Martin",19602.89,2025-01-01,67,"Low Risk of Churn"
231752,"John Brown",27139.10,2025-09-10,-185,"Low Risk of Churn"
232056,"Susan Wilson",9647.47,2025-07-27,-140,"Low Risk of Churn"
965967,"Susan Gonzalez",45185.80,NULL,NULL,"Low Risk of Churn"
233172,"Thomas Garcia",30340.70,2025-05-05,-57,"Low Risk of Churn"
967018,"Susan Wilson",29247.01,2025-06-30,-113,"Low Risk of Churn"
236383,"Thomas Miller",6116.61,2025-02-19,18,"Low Risk of Churn"
239717,Unknown,45835.12,2025-02-04,33,"Low Risk of Churn"
971702,"Robert Brown",25636.03,2025-01-23,45,"Low Risk of Churn"
241480,"Charles Garcia",15259.13,NULL,NULL,"Low Risk of Churn"
241536,"Linda Jackson",47304.13,NULL,NULL,"Low Risk of Churn"
242551,Unknown,24154.77,2025-09-23,-198,"Low Risk of Churn"
243295,"Michael Williams",40721.82,2024-12-31,68,"Low Risk of Churn"
243536,"Charles Martin",18719.65,NULL,NULL,"Low Risk of Churn"
246666,"John Williams",9412.32,NULL,NULL,"Low Risk of Churn"
247696,"Robert Davis",16438.68,2025-06-24,-107,"Low Risk of Churn"
247818,"Karen Johnson",43737.90,2025-05-27,-79,"Low Risk of Churn"
250802,"Sarah Anderson",48850.47,2025-07-05,-118,"Low Risk of Churn"
254745,"Jennifer Anderson",43490.48,NULL,NULL,"Low Risk of Churn"
974334,"James Williams",43530.76,NULL,NULL,"Low Risk of Churn"
260143,"Susan Wilson",11630.84,NULL,NULL,"Low Risk of Churn"
260629,"William Moore",25636.03,NULL,NULL,"Low Risk of Churn"
261457,"David Rodriguez",41409.73,2025-04-22,-44,"Low Risk of Churn"
262504,"Joseph Martin",49702.39,NULL,NULL,"Low Risk of Churn"
266628,"Jessica Anderson",35604.21,2025-01-31,37,"Low Risk of Churn"
270204,"Thomas Smith",5987.58,NULL,NULL,"Low Risk of Churn"
271216,"Jennifer Williams",25636.03,2025-06-22,-105,"Low Risk of Churn"
273833,"James Martinez",32003.43,2025-02-08,29,"Low Risk of Churn"
977860,"Joseph Jackson",5791.70,NULL,NULL,"Low Risk of Churn"
275431,"William Lopez",34032.66,2025-03-17,-8,"Low Risk of Churn"
275654,"Thomas Williams",45976.04,2025-04-29,-51,"Low Risk of Churn"
277429,"Thomas Miller",35055.78,NULL,NULL,"Low Risk of Churn"
278581,"Robert Gonzalez",41058.98,2025-04-19,-41,"Low Risk of Churn"
278842,"Linda Gonzalez",26346.20,NULL,NULL,"Low Risk of Churn"
280534,"Elizabeth Brown",31827.02,2025-02-28,9,"Low Risk of Churn"
977969,"Jessica Davis",37461.62,NULL,NULL,"Low Risk of Churn"
283326,"William Martinez",4207.36,NULL,NULL,"Low Risk of Churn"
284255,"Elizabeth Miller",7194.05,2025-03-09,0,"Low Risk of Churn"
284295,"David Smith",36849.07,2025-02-09,28,"Low Risk of Churn"
284492,"Michael Miller",26740.49,NULL,NULL,"Low Risk of Churn"
285001,"Mary Gonzalez",19903.32,NULL,NULL,"Low Risk of Churn"
286966,"Jessica Martin",40250.92,2025-03-08,1,"Low Risk of Churn"
981985,"Robert Smith",21835.57,NULL,NULL,"Low Risk of Churn"
289434,"Michael Thomas",42569.94,NULL,NULL,"Low Risk of Churn"
290842,"James Moore",28955.23,2025-07-07,-120,"Low Risk of Churn"
293228,"Joseph Smith",49560.85,NULL,NULL,"Low Risk of Churn"
982637,"Linda Wilson",31926.39,NULL,NULL,"Low Risk of Churn"
294643,"Susan Johnson",9464.68,NULL,NULL,"Low Risk of Churn"
983391,"Robert Johnson",7226.07,2025-01-25,43,"Low Risk of Churn"
984214,"Susan Thomas",14722.57,NULL,NULL,"Low Risk of Churn"
300103,"James Williams",31504.84,2025-02-18,19,"Low Risk of Churn"
302619,"Linda Williams",2744.12,2025-06-10,-93,"Low Risk of Churn"
303093,"Susan Jackson",8863.28,2025-06-27,-110,"Low Risk of Churn"
303233,"Patricia Thomas",43151.74,2025-04-01,-23,"Low Risk of Churn"
303489,"Mary Smith",46326.63,2025-03-25,-16,"Low Risk of Churn"
305079,"David Smith",29048.15,NULL,NULL,"Low Risk of Churn"
306606,"Patricia Anderson",49011.08,2025-04-09,-31,"Low Risk of Churn"
310171,Unknown,40332.45,2025-03-12,-3,"Low Risk of Churn"
310588,Unknown,35672.18,NULL,NULL,"Low Risk of Churn"
985593,"Michael Williams",25636.03,2025-03-18,-9,"Low Risk of Churn"
312686,"Barbara Hernandez",31981.08,NULL,NULL,"Low Risk of Churn"
313522,"Jessica Brown",41964.41,2025-09-03,-178,"Low Risk of Churn"
313550,Unknown,8307.07,NULL,NULL,"Low Risk of Churn"
314311,"Barbara Hernandez",13761.43,NULL,NULL,"Low Risk of Churn"
314513,"Elizabeth Brown",13260.30,2025-06-06,-89,"Low Risk of Churn"
315254,"Richard Johnson",17041.35,2025-01-08,60,"Low Risk of Churn"
315929,"Barbara Garcia",1845.63,2025-02-05,32,"Low Risk of Churn"
317813,"Michael Jackson",47091.43,NULL,NULL,"Low Risk of Churn"
319067,"William Rodriguez",12686.24,NULL,NULL,"Low Risk of Churn"
988691,"Barbara Miller",4588.23,2025-05-12,-64,"Low Risk of Churn"
320218,"Thomas Martin",45648.47,2024-12-17,82,"Low Risk of Churn"
988817,"Jennifer Smith",19108.62,2025-05-11,-63,"Low Risk of Churn"
324280,"Linda Jackson",23983.19,2025-06-08,-91,"Low Risk of Churn"
325217,"Joseph Rodriguez",11670.03,2025-05-25,-77,"Low Risk of Churn"
325479,"Linda Jones",12062.86,NULL,NULL,"Low Risk of Churn"
326344,"Sarah Johnson",14639.41,2025-03-22,-13,"Low Risk of Churn"
326789,"Elizabeth Brown",10972.79,2025-06-20,-103,"Low Risk of Churn"
327104,"Barbara Davis",25163.24,NULL,NULL,"Low Risk of Churn"
327793,"Thomas Taylor",30035.91,NULL,NULL,"Low Risk of Churn"
989855,Unknown,3145.34,NULL,NULL,"Low Risk of Churn"
331616,"Jennifer Taylor",35273.17,NULL,NULL,"Low Risk of Churn"
332443,"Robert Jones",31198.29,2025-04-26,-48,"Low Risk of Churn"
332804,"Patricia Moore",27069.96,2025-08-14,-158,"Low Risk of Churn"
333602,"David Smith",2552.35,2025-01-12,56,"Low Risk of Churn"
334299,"Joseph Rodriguez",4007.26,NULL,NULL,"Low Risk of Churn"
990272,"Michael Davis",3644.11,2025-05-17,-69,"Low Risk of Churn"
990289,"Patricia Hernandez",19069.32,2025-01-11,57,"Low Risk of Churn"
990727,"James Brown",3907.89,NULL,NULL,"Low Risk of Churn"
337302,"William Williams",6312.18,NULL,NULL,"Low Risk of Churn"
338593,"John Gonzalez",35506.08,2025-05-21,-73,"Low Risk of Churn"
339215,"William Smith",30753.52,2025-05-22,-74,"Low Risk of Churn"
991737,"Charles Wilson",35098.08,2025-07-01,-114,"Low Risk of Churn"
341112,"Thomas Thomas",2305.33,2025-07-24,-137,"Low Risk of Churn"
341941,"Sarah Garcia",18678.81,2025-01-02,66,"Low Risk of Churn"
343139,"Mary Rodriguez",25636.03,2025-07-21,-134,"Low Risk of Churn"
993062,"Sarah Garcia",25636.03,NULL,NULL,"Low Risk of Churn"
993883,"Charles Lopez",44904.82,NULL,NULL,"Low Risk of Churn"
994893,"Mary Davis",11437.81,NULL,NULL,"Low Risk of Churn"
356567,"Jessica Taylor",41955.97,2025-08-03,-147,"Low Risk of Churn"
357487,Unknown,19899.58,2025-05-29,-81,"Low Risk of Churn"
361522,"Joseph Johnson",47790.22,NULL,NULL,"Low Risk of Churn"
364822,"Susan Gonzalez",49258.76,2024-12-25,74,"Low Risk of Churn"
995933,"Elizabeth Miller",26504.69,NULL,NULL,"Low Risk of Churn"
996071,"Karen Miller",29497.73,2025-01-19,49,"Low Risk of Churn"
369104,"Patricia Martinez",13295.43,2025-04-23,-45,"Low Risk of Churn"
996520,"Karen Smith",9663.08,NULL,NULL,"Low Risk of Churn"
369798,"David Smith",14753.56,NULL,NULL,"Low Risk of Churn"
370251,"Barbara Gonzalez",43048.40,2025-08-24,-168,"Low Risk of Churn"
370444,"David Thomas",29791.18,2025-05-06,-58,"Low Risk of Churn"
370725,"Mary Wilson",17251.31,2025-09-18,-193,"Low Risk of Churn"
997085,Unknown,27814.08,NULL,NULL,"Low Risk of Churn"
373873,"Richard Jones",40455.83,NULL,NULL,"Low Risk of Churn"
376069,"Elizabeth Anderson",30691.81,2025-03-10,-1,"Low Risk of Churn"
379644,"Richard Miller",459.40,2025-03-02,7,"Low Risk of Churn"
380465,"Mary Williams",41199.64,2025-05-03,-55,"Low Risk of Churn"
380815,"Linda Taylor",16590.51,2024-12-19,80,"Low Risk of Churn"
382367,"James Hernandez",9727.55,NULL,NULL,"Low Risk of Churn"
385921,"John Gonzalez",3830.30,2025-01-06,62,"Low Risk of Churn"
392326,"James Lopez",23817.62,2025-09-26,-201,"Low Risk of Churn"
392450,"Michael Hernandez",19495.03,NULL,NULL,"Low Risk of Churn"
396770,"Patricia Jackson",26147.17,NULL,NULL,"Low Risk of Churn"
398748,"Robert Garcia",46819.25,NULL,NULL,"Low Risk of Churn"
398757,"Mary Martinez",25636.03,2024-12-26,73,"Low Risk of Churn"
399568,"David Smith",39570.23,NULL,NULL,"Low Risk of Churn"
400753,"Richard Martin",6511.51,2025-04-08,-30,"Low Risk of Churn"
401510,"Jessica Lopez",46560.36,2025-09-11,-186,"Low Risk of Churn"
401985,"Patricia Lopez",33871.20,NULL,NULL,"Low Risk of Churn"
402741,"John Gonzalez",16354.20,NULL,NULL,"Low Risk of Churn"
409971,"John Gonzalez",36431.99,NULL,NULL,"Low Risk of Churn"
410460,"Karen Gonzalez",36537.96,NULL,NULL,"Low Risk of Churn"
410628,"Mary Lopez",14474.15,2025-05-02,-54,"Low Risk of Churn"
410827,"Robert Smith",2768.22,2025-03-13,-4,"Low Risk of Churn"
411624,"Joseph Lopez",25015.09,NULL,NULL,"Low Risk of Churn"
418998,"Patricia Smith",9404.78,NULL,NULL,"Low Risk of Churn"
421982,"Jessica Taylor",49678.62,2025-04-04,-26,"Low Risk of Churn"
422971,"Thomas Thomas",11582.06,2024-12-14,85,"Low Risk of Churn"
424660,"Thomas Smith",32274.95,2024-12-29,70,"Low Risk of Churn"
429354,"Patricia Taylor",12407.41,NULL,NULL,"Low Risk of Churn"
431346,"Robert Williams",26852.45,2025-02-20,17,"Low Risk of Churn"
433677,"Jessica Gonzalez",8862.95,2025-07-30,-143,"Low Risk of Churn"
436828,"James Martinez",17259.54,2025-08-01,-145,"Low Risk of Churn"
438352,"Jessica Miller",21771.56,NULL,NULL,"Low Risk of Churn"
438736,"Karen Jackson",17385.01,2024-12-24,75,"Low Risk of Churn"
439184,"Mary Lopez",46084.18,NULL,NULL,"Low Risk of Churn"
442459,"Charles Gonzalez",3307.42,2025-08-12,-156,"Low Risk of Churn"
443709,"David Williams",33021.07,NULL,NULL,"Low Risk of Churn"
445577,"Susan Smith",265.94,NULL,NULL,"Low Risk of Churn"
446821,"Jennifer Miller",3991.06,NULL,NULL,"Low Risk of Churn"
450020,"Mary Jones",25636.03,2025-09-05,-180,"Low Risk of Churn"
451667,"Joseph Thomas",24435.39,NULL,NULL,"Low Risk of Churn"
452361,"William Anderson",19634.46,2025-04-25,-47,"Low Risk of Churn"
455743,"Thomas Miller",29725.38,2025-01-13,55,"Low Risk of Churn"
458817,"Susan Smith",40402.78,2025-02-01,36,"Low Risk of Churn"
459732,"Richard Taylor",16146.10,NULL,NULL,"Low Risk of Churn"
460408,"Robert Rodriguez",30768.81,NULL,NULL,"Low Risk of Churn"
463702,"Barbara Davis",16185.74,2025-08-06,-150,"Low Risk of Churn"
468000,"Linda Lopez",50.98,2025-06-26,-109,"Low Risk of Churn"
468139,"Karen Williams",24519.49,NULL,NULL,"Low Risk of Churn"
468728,"Mary Smith",9754.93,NULL,NULL,"Low Risk of Churn"
469304,"Sarah Smith",44549.05,NULL,NULL,"Low Risk of Churn"
470701,"Charles Jones",37539.24,2025-08-20,-164,"Low Risk of Churn"
471787,"Thomas Martin",17274.22,NULL,NULL,"Low Risk of Churn"
473441,"Elizabeth Martinez",40014.56,NULL,NULL,"Low Risk of Churn"
474083,"William Thomas",25636.03,2024-12-13,86,"Low Risk of Churn"
475720,Unknown,31416.13,NULL,NULL,"Low Risk of Churn"
475911,"Charles Moore",21859.77,NULL,NULL,"Low Risk of Churn"
481249,"Robert Brown",31770.17,NULL,NULL,"Low Risk of Churn"
483271,"David Smith",47156.93,2025-04-12,-34,"Low Risk of Churn"
485394,"Thomas Gonzalez",13350.72,2024-12-27,72,"Low Risk of Churn"
487972,"John Jackson",32396.02,2024-12-21,78,"Low Risk of Churn"
489894,"William Johnson",8355.46,2025-08-08,-152,"Low Risk of Churn"
490001,"Barbara Martinez",43652.36,NULL,NULL,"Low Risk of Churn"
491658,"James Moore",25636.03,2025-08-13,-157,"Low Risk of Churn"
493503,"Barbara Jones",8711.06,2025-03-03,6,"Low Risk of Churn"
495448,"Michael Taylor",39752.89,2025-08-30,-174,"Low Risk of Churn"
498136,"Jessica Gonzalez",24014.05,2025-09-21,-196,"Low Risk of Churn"
499889,"Richard Thomas",32474.55,NULL,NULL,"Low Risk of Churn"
500508,"Richard Brown",19587.91,2024-12-10,89,"Low Risk of Churn"
501846,"Sarah Martinez",24078.77,2025-03-26,-17,"Low Risk of Churn"
505639,"Susan Miller",26918.10,2025-07-14,-127,"Low Risk of Churn"
507435,"Sarah Jones",49086.90,NULL,NULL,"Low Risk of Churn"
509971,"Barbara Anderson",45440.39,2025-01-10,58,"Low Risk of Churn"
518989,"Mary Gonzalez",28552.07,NULL,NULL,"Low Risk of Churn"
519898,Unknown,7659.08,NULL,NULL,"Low Risk of Churn"
521287,"William Jackson",43737.87,2025-06-19,-102,"Low Risk of Churn"
524795,"Joseph Williams",40977.50,NULL,NULL,"Low Risk of Churn"
525528,"Mary Brown",26140.21,2025-09-20,-195,"Low Risk of Churn"
527947,"Susan Garcia",24694.17,2025-02-06,31,"Low Risk of Churn"
528230,"William Anderson",39285.68,2025-04-17,-39,"Low Risk of Churn"
529303,"Joseph Miller",49140.24,NULL,NULL,"Low Risk of Churn"
530933,"Mary Lopez",25636.03,NULL,NULL,"Low Risk of Churn"
532324,"Jennifer Williams",20088.10,NULL,NULL,"Low Risk of Churn"
537720,"John Anderson",6443.71,NULL,NULL,"Low Risk of Churn"
539316,"Patricia Davis",35013.10,2025-06-14,-97,"Low Risk of Churn"
541459,"Jennifer Jackson",26869.46,2025-09-01,-176,"Low Risk of Churn"
541510,"Jessica Rodriguez",44618.89,2025-01-27,41,"Low Risk of Churn"
545058,"Linda Gonzalez",9576.87,2025-03-21,-12,"Low Risk of Churn"
545578,"Jessica Rodriguez",9222.65,NULL,NULL,"Low Risk of Churn"
546333,"Charles Rodriguez",18938.63,NULL,NULL,"Low Risk of Churn"
546973,"Barbara Jones",48511.04,2025-05-23,-75,"Low Risk of Churn"
550958,"Robert Smith",37721.07,NULL,NULL,"Low Risk of Churn"
552869,Unknown,26599.31,NULL,NULL,"Low Risk of Churn"
555939,"Barbara Miller",36291.04,NULL,NULL,"Low Risk of Churn"
557614,"John Lopez",49466.51,NULL,NULL,"Low Risk of Churn"
557977,"John Davis",36957.39,2025-01-17,51,"Low Risk of Churn"
559443,"Charles Smith",37005.32,2025-07-11,-124,"Low Risk of Churn"
559666,"Linda Gonzalez",20114.92,NULL,NULL,"Low Risk of Churn"
561648,"Michael Jones",43993.71,2025-09-14,-189,"Low Risk of Churn"
562678,"Patricia Johnson",36613.27,NULL,NULL,"Low Risk of Churn"
566565,"Mary Martinez",47131.63,2024-12-20,79,"Low Risk of Churn"
566909,"Jennifer Rodriguez",32633.05,2025-05-13,-65,"Low Risk of Churn"
572400,"Patricia Williams",19350.04,NULL,NULL,"Low Risk of Churn"
573539,Unknown,11482.77,NULL,NULL,"Low Risk of Churn"
578371,"Charles Lopez",8756.60,2025-07-20,-133,"Low Risk of Churn"
578696,"Michael Brown",28714.09,2025-05-30,-82,"Low Risk of Churn"
583312,"Jessica Smith",41191.33,NULL,NULL,"Low Risk of Churn"
584733,"Linda Thomas",43859.12,2025-02-11,26,"Low Risk of Churn"
587579,"Linda Williams",1561.55,2025-09-22,-197,"Low Risk of Churn"
592557,Unknown,39704.93,2025-02-15,22,"Low Risk of Churn"
592563,"James Smith",23802.65,NULL,NULL,"Low Risk of Churn"
593137,"Charles Moore",17333.73,2025-04-18,-40,"Low Risk of Churn"
595355,"Karen Hernandez",43110.82,2025-01-18,50,"Low Risk of Churn"
596415,"John Lopez",16627.65,NULL,NULL,"Low Risk of Churn"
597740,"Mary Rodriguez",12459.39,NULL,NULL,"Low Risk of Churn"
598508,"Patricia Jones",45941.88,NULL,NULL,"Low Risk of Churn"
609472,"Susan Rodriguez",30693.92,NULL,NULL,"Low Risk of Churn"
611355,"Jessica Hernandez",15305.66,2025-06-05,-88,"Low Risk of Churn"
612423,"Patricia Williams",5660.14,2025-01-15,53,"Low Risk of Churn"
612670,"Thomas Anderson",24274.58,2025-07-17,-130,"Low Risk of Churn"
612737,"Linda Moore",28865.51,2025-01-16,52,"Low Risk of Churn"
615922,"Elizabeth Martin",49962.62,2025-01-21,47,"Low Risk of Churn"
616367,"Joseph Moore",27699.35,2025-06-09,-92,"Low Risk of Churn"
620344,"Jennifer Martin",36697.14,NULL,NULL,"Low Risk of Churn"
621849,"Richard Wilson",18246.71,2025-04-03,-25,"Low Risk of Churn"
623976,"John Gonzalez",37010.35,2025-03-11,-2,"Low Risk of Churn"
624735,"Jennifer Jackson",18466.39,2025-06-12,-95,"Low Risk of Churn"
626056,"Susan Thomas",34435.25,NULL,NULL,"Low Risk of Churn"
626497,"Richard Jackson",15476.70,2024-12-28,71,"Low Risk of Churn"
627867,"Linda Hernandez",8399.28,NULL,NULL,"Low Risk of Churn"
629001,"Robert Jackson",40729.84,2025-05-26,-78,"Low Risk of Churn"
630163,"Robert Martin",13091.48,2025-05-10,-62,"Low Risk of Churn"
631603,"Linda Martinez",49269.46,NULL,NULL,"Low Risk of Churn"
634604,"Jessica Jones",23687.87,NULL,NULL,"Low Risk of Churn"
637547,"Thomas Moore",24348.76,NULL,NULL,"Low Risk of Churn"
639992,"Joseph Davis",38580.70,NULL,NULL,"Low Risk of Churn"
641070,"James Lopez",9217.53,2025-03-20,-11,"Low Risk of Churn"
641674,"Jennifer Jackson",21990.58,2025-04-06,-28,"Low Risk of Churn"
646021,Unknown,25636.03,2025-03-19,-10,"Low Risk of Churn"
646072,"Michael Gonzalez",22515.04,NULL,NULL,"Low Risk of Churn"
647981,Unknown,36678.23,2025-08-22,-166,"Low Risk of Churn"
648353,"Jessica Williams",19699.15,2025-08-27,-171,"Low Risk of Churn"
652506,"James Anderson",16530.73,2025-05-31,-83,"Low Risk of Churn"
653358,"Karen Jackson",45276.78,2025-01-24,44,"Low Risk of Churn"
653729,"Barbara Hernandez",7304.43,2025-08-15,-159,"Low Risk of Churn"
654852,"John Jones",46696.20,2025-03-05,4,"Low Risk of Churn"
655084,"Jessica Martin",4874.02,2025-09-06,-181,"Low Risk of Churn"
656500,"Joseph Moore",20616.33,NULL,NULL,"Low Risk of Churn"
661073,"Mary Miller",36947.82,NULL,NULL,"Low Risk of Churn"
664775,"Karen Davis",44454.12,2025-01-09,59,"Low Risk of Churn"
664844,"Joseph Lopez",18383.81,2024-12-18,81,"Low Risk of Churn"
666629,"Elizabeth Smith",18465.17,NULL,NULL,"Low Risk of Churn"
667120,"Elizabeth Williams",44812.50,NULL,NULL,"Low Risk of Churn"
669367,"John Thomas",17400.69,NULL,NULL,"Low Risk of Churn"
669707,"Susan Davis",1041.80,2025-01-05,63,"Low Risk of Churn"
670220,"William Williams",29533.61,2024-12-22,77,"Low Risk of Churn"
671909,Unknown,34524.45,NULL,NULL,"Low Risk of Churn"
672321,"Thomas Smith",4463.25,2025-09-04,-179,"Low Risk of Churn"
673166,"Susan Garcia",21900.43,2025-03-15,-6,"Low Risk of Churn"
674332,"Richard Martin",34002.18,NULL,NULL,"Low Risk of Churn"
678892,"Thomas Martin",23003.51,NULL,NULL,"Low Risk of Churn"
679027,Unknown,30523.96,2025-05-01,-53,"Low Risk of Churn"
682026,"Charles Hernandez",44267.78,NULL,NULL,"Low Risk of Churn"
682076,"James Jackson",23300.71,2025-04-20,-42,"Low Risk of Churn"
682297,"James Taylor",41132.54,NULL,NULL,"Low Risk of Churn"
683053,"Jennifer Williams",17011.44,2025-07-19,-132,"Low Risk of Churn"
683625,"Jessica Jones",19494.56,NULL,NULL,"Low Risk of Churn"
683863,"Robert Taylor",36255.75,NULL,NULL,"Low Risk of Churn"
685995,"David Anderson",836.16,2025-04-27,-49,"Low Risk of Churn"
687600,"James Garcia",38999.23,2025-07-15,-128,"Low Risk of Churn"
688244,"David Moore",40243.89,NULL,NULL,"Low Risk of Churn"
690299,"Karen Rodriguez",1305.92,2025-07-23,-136,"Low Risk of Churn"
690503,"Joseph Anderson",18062.97,2025-05-09,-61,"Low Risk of Churn"
691855,"David Johnson",24558.86,2025-04-28,-50,"Low Risk of Churn"
694043,"Thomas Davis",29843.29,2025-09-02,-177,"Low Risk of Churn"
695220,"Karen Martinez",27553.55,2025-06-03,-86,"Low Risk of Churn"
697456,"James Miller",13899.87,2025-01-14,54,"Low Risk of Churn"
697890,"Robert Davis",41936.91,NULL,NULL,"Low Risk of Churn"
698483,"James Thomas",36401.73,2025-09-13,-188,"Low Risk of Churn"
699333,"Barbara Hernandez",7549.03,NULL,NULL,"Low Risk of Churn"
700400,"William Davis",3724.41,2025-07-25,-138,"Low Risk of Churn"
701239,"Jennifer Thomas",11964.27,NULL,NULL,"Low Risk of Churn"
702068,"Joseph Taylor",21202.07,2025-08-11,-155,"Low Risk of Churn"
702192,"Elizabeth Gonzalez",27201.21,NULL,NULL,"Low Risk of Churn"
702894,"Susan Jones",22898.12,NULL,NULL,"Low Risk of Churn"
707002,"James Brown",40920.73,NULL,NULL,"Low Risk of Churn"
708246,"Michael Jones",34603.55,NULL,NULL,"Low Risk of Churn"
710375,"David Miller",25636.03,2025-03-28,-19,"Low Risk of Churn"
711869,"Linda Taylor",42277.49,NULL,NULL,"Low Risk of Churn"
712210,"Barbara Lopez",18670.49,2025-03-04,5,"Low Risk of Churn"
713728,"John Martin",44291.83,2025-01-07,61,"Low Risk of Churn"
716239,"Jennifer Davis",42068.39,NULL,NULL,"Low Risk of Churn"
716955,"Richard Johnson",44749.31,NULL,NULL,"Low Risk of Churn"
717169,"Richard Moore",499.41,2025-01-29,39,"Low Risk of Churn"
717314,"William Miller",25636.03,2024-12-30,69,"Low Risk of Churn"
717964,"Karen Garcia",44182.05,2025-08-05,-149,"Low Risk of Churn"
718115,"Thomas Anderson",1238.61,2025-01-22,46,"Low Risk of Churn"
719536,"John Wilson",47584.70,NULL,NULL,"Low Risk of Churn"
719629,"Elizabeth Smith",12264.18,2025-07-06,-119,"Low Risk of Churn"
720246,"Linda Anderson",40791.08,NULL,NULL,"Low Risk of Churn"
720979,"Susan Rodriguez",30962.77,NULL,NULL,"Low Risk of Churn"
721003,"Linda Brown",27659.04,NULL,NULL,"Low Risk of Churn"
724712,"William Davis",5648.19,2025-07-02,-115,"Low Risk of Churn"
727250,"James Johnson",47492.84,2025-05-24,-76,"Low Risk of Churn"
728435,"Susan Lopez",25636.03,NULL,NULL,"Low Risk of Churn"
729164,"Patricia Jackson",6548.16,NULL,NULL,"Low Risk of Churn"
729216,"Joseph Gonzalez",49233.71,2025-04-24,-46,"Low Risk of Churn"
730088,"Sarah Jackson",40881.88,NULL,NULL,"Low Risk of Churn"
731290,"Jennifer Lopez",4185.26,NULL,NULL,"Low Risk of Churn"
734063,Unknown,16666.64,NULL,NULL,"Low Risk of Churn"
734519,"Jennifer Davis",13749.42,2025-09-09,-184,"Low Risk of Churn"
736154,"Jessica Wilson",42771.36,2025-07-22,-135,"Low Risk of Churn"
740062,"Richard Hernandez",36991.79,2025-04-14,-36,"Low Risk of Churn"
742143,"Charles Taylor",20494.91,2024-12-12,87,"Low Risk of Churn"
743198,"Patricia Smith",43778.09,2025-01-03,65,"Low Risk of Churn"
745636,"Charles Brown",39752.83,NULL,NULL,"Low Risk of Churn"
746127,Unknown,32029.60,NULL,NULL,"Low Risk of Churn"
747722,"John Davis",39881.32,2025-08-16,-160,"Low Risk of Churn"
750752,"Mary Davis",28354.19,NULL,NULL,"Low Risk of Churn"
750787,"William Smith",167.87,2025-07-09,-122,"Low Risk of Churn"
752140,"Susan Rodriguez",40926.09,2025-04-07,-29,"Low Risk of Churn"
756508,"Robert Lopez",14956.28,NULL,NULL,"Low Risk of Churn"
757634,"Barbara Anderson",7519.68,NULL,NULL,"Low Risk of Churn"
758095,"Barbara Moore",30620.92,2025-03-31,-22,"Low Risk of Churn"
761121,"John Smith",46188.89,NULL,NULL,"Low Risk of Churn"
762704,"Sarah Johnson",20016.68,NULL,NULL,"Low Risk of Churn"
762865,"Richard Thomas",24181.66,NULL,NULL,"Low Risk of Churn"
763560,"Linda Smith",15807.51,NULL,NULL,"Low Risk of Churn"
764043,"Jessica Miller",47588.31,2025-04-16,-38,"Low Risk of Churn"
764728,"Robert Wilson",46664.95,2025-04-21,-43,"Low Risk of Churn"
766598,"Joseph Jones",17391.03,2025-03-06,3,"Low Risk of Churn"
771223,"Jessica Taylor",35944.99,2025-09-16,-191,"Low Risk of Churn"
772662,"Patricia Lopez",37872.42,2025-08-02,-146,"Low Risk of Churn"
775282,"James Lopez",15603.79,NULL,NULL,"Low Risk of Churn"
777663,"Susan Martinez",23510.86,2025-06-25,-108,"Low Risk of Churn"
778461,"Patricia Brown",3616.41,NULL,NULL,"Low Risk of Churn"
782081,"Linda Anderson",28219.85,NULL,NULL,"Low Risk of Churn"
783441,"Linda Jackson",10168.15,2025-06-21,-104,"Low Risk of Churn"
784085,"James Johnson",15789.16,2025-08-09,-153,"Low Risk of Churn"
786039,"Richard Rodriguez",9421.17,NULL,NULL,"Low Risk of Churn"
788166,"Susan Lopez",34995.51,2025-07-28,-141,"Low Risk of Churn"
790064,"Michael Martinez",23350.32,NULL,NULL,"Low Risk of Churn"
790602,"Joseph Jones",25636.03,NULL,NULL,"Low Risk of Churn"
791852,Unknown,36066.30,2025-08-10,-154,"Low Risk of Churn"
795997,"Mary Rodriguez",45664.75,2025-02-03,34,"Low Risk of Churn"
798753,"Karen Hernandez",43060.03,2025-02-17,20,"Low Risk of Churn"
798998,"John Jones",33542.52,2025-08-04,-148,"Low Risk of Churn"
799466,Unknown,4424.33,NULL,NULL,"Low Risk of Churn"
800221,"David Hernandez",857.67,NULL,NULL,"Low Risk of Churn"
800710,"Charles Jackson",43643.04,NULL,NULL,"Low Risk of Churn"
802815,"Barbara Jones",4400.89,2025-05-16,-68,"Low Risk of Churn"
904017,"John Williams",22200.33,NULL,NULL,"Low Risk of Churn"
805682,"Susan Anderson",13454.38,2025-03-16,-7,"Low Risk of Churn"
807233,"Karen Martin",28354.01,2025-08-18,-162,"Low Risk of Churn"
807480,"Linda Smith",22520.79,2025-02-14,23,"Low Risk of Churn"
809549,"David Lopez",47987.56,2025-05-18,-70,"Low Risk of Churn"
809611,Unknown,25636.03,2025-03-07,2,"Low Risk of Churn"
813438,"William Brown",36484.51,NULL,NULL,"Low Risk of Churn"
814981,"Robert Jackson",31495.07,2025-06-13,-96,"Low Risk of Churn"
815817,"William Rodriguez",46345.39,2025-07-16,-129,"Low Risk of Churn"
816140,"Thomas Wilson",28730.94,2025-04-11,-33,"Low Risk of Churn"
817886,"David Martin",8317.01,2025-03-14,-5,"Low Risk of Churn"
821592,"Mary Thomas",8017.65,2025-06-07,-90,"Low Risk of Churn"
825048,"James Jackson",32537.72,NULL,NULL,"Low Risk of Churn"
825214,"David Miller",42229.56,2025-06-17,-100,"Low Risk of Churn"
825670,"Charles Gonzalez",36972.12,2025-05-07,-59,"Low Risk of Churn"
826341,"John Lopez",11623.57,2025-08-25,-169,"Low Risk of Churn"
826424,"Barbara Brown",496.42,NULL,NULL,"Low Risk of Churn"
827539,Unknown,44167.47,NULL,NULL,"Low Risk of Churn"
832122,"Joseph Garcia",27806.18,NULL,NULL,"Low Risk of Churn"
833675,"Linda Miller",1209.94,NULL,NULL,"Low Risk of Churn"
833714,"William Thomas",47096.32,NULL,NULL,"Low Risk of Churn"
834726,Unknown,1127.87,NULL,NULL,"Low Risk of Churn"
836368,"Elizabeth Williams",25636.03,2025-06-11,-94,"Low Risk of Churn"
839173,"William Martinez",40180.87,2025-09-15,-190,"Low Risk of Churn"
842673,"Barbara Davis",45628.70,NULL,NULL,"Low Risk of Churn"
842736,"James Garcia",19299.79,NULL,NULL,"Low Risk of Churn"
845004,"John Martinez",16313.85,NULL,NULL,"Low Risk of Churn"
845265,"Jessica Gonzalez",3826.72,NULL,NULL,"Low Risk of Churn"
845279,"Sarah Jones",23049.07,2025-07-31,-144,"Low Risk of Churn"
845733,"James Lopez",15652.27,2025-02-16,21,"Low Risk of Churn"
848392,"Richard Anderson",25636.03,2025-05-28,-80,"Low Risk of Churn"
848567,"William Wilson",33504.13,NULL,NULL,"Low Risk of Churn"
853498,"Robert Moore",10752.75,NULL,NULL,"Low Risk of Churn"
854690,"Jennifer Rodriguez",17071.74,2025-01-04,64,"Low Risk of Churn"
855124,"William Wilson",11874.19,2025-03-30,-21,"Low Risk of Churn"
855270,"Robert Wilson",20215.54,2025-05-14,-66,"Low Risk of Churn"
857121,"Karen Smith",35788.16,2025-09-12,-187,"Low Risk of Churn"
858286,"Mary Brown",44544.57,NULL,NULL,"Low Risk of Churn"
858622,"Charles Hernandez",39303.08,NULL,NULL,"Low Risk of Churn"
859940,"William Smith",25636.03,NULL,NULL,"Low Risk of Churn"
865289,"David Brown",2715.17,2025-09-07,-182,"Low Risk of Churn"
869765,"Linda Rodriguez",40284.85,NULL,NULL,"Low Risk of Churn"
871591,"Jennifer Brown",45468.14,2025-08-26,-170,"Low Risk of Churn"
871955,"Jennifer Brown",32327.24,NULL,NULL,"Low Risk of Churn"
873344,"Linda Davis",27501.74,2025-04-05,-27,"Low Risk of Churn"
873671,"James Davis",1299.91,NULL,NULL,"Low Risk of Churn"
875562,"James Taylor",32060.65,NULL,NULL,"Low Risk of Churn"
875648,"James Jones",40694.70,2025-02-26,11,"Low Risk of Churn"
875740,"Charles Moore",29666.73,2025-08-23,-167,"Low Risk of Churn"
878509,"Mary Williams",43194.80,NULL,NULL,"Low Risk of Churn"
887245,"Elizabeth Wilson",8858.49,2025-09-25,-200,"Low Risk of Churn"
887809,"Linda Anderson",11636.11,2025-07-18,-131,"Low Risk of Churn"
888443,"Patricia Hernandez",7995.56,NULL,NULL,"Low Risk of Churn"
889433,"Robert Gonzalez",25636.03,2025-02-22,15,"Low Risk of Churn"
889665,"William Jones",15705.46,NULL,NULL,"Low Risk of Churn"
890134,"Barbara Anderson",36215.26,NULL,NULL,"Low Risk of Churn"
890412,"William Davis",25636.03,NULL,NULL,"Low Risk of Churn"
890501,"Linda Hernandez",25636.03,NULL,NULL,"Low Risk of Churn"
890729,"Joseph Garcia",5348.71,NULL,NULL,"Low Risk of Churn"
891320,"Jennifer Martin",40446.64,NULL,NULL,"Low Risk of Churn"
891475,"Susan Miller",46021.26,NULL,NULL,"Low Risk of Churn"
892378,"Mary Miller",29047.87,NULL,NULL,"Low Risk of Churn"
893199,"Robert Taylor",25636.03,NULL,NULL,"Low Risk of Churn"
894079,"Michael Miller",25636.03,2025-08-28,-172,"Low Risk of Churn"
895721,"Joseph Martin",25636.03,NULL,NULL,"Low Risk of Churn"
899236,Unknown,1955.74,2025-03-29,-20,"Low Risk of Churn"
901962,Unknown,48239.13,2025-06-15,-98,"Low Risk of Churn"
902774,"Mary Williams",10383.39,2025-01-30,38,"Low Risk of Churn"
998496,"Sarah Thomas",20336.91,NULL,NULL,"Low Risk of Churn"
909922,"Susan Moore",29728.68,NULL,NULL,"Low Risk of Churn"
910186,Unknown,21606.54,2025-06-01,-84,"Low Risk of Churn"
910723,"Jennifer Martinez",35147.21,NULL,NULL,"Low Risk of Churn"
913072,"David Gonzalez",48376.88,2025-05-19,-71,"Low Risk of Churn"
914019,"John Jones",644.13,NULL,NULL,"Low Risk of Churn"
915259,"Jessica Lopez",19027.31,NULL,NULL,"Low Risk of Churn"
916300,"Michael Johnson",22681.18,NULL,NULL,"Low Risk of Churn"
917940,"Sarah Williams",5461.13,NULL,NULL,"Low Risk of Churn"
920699,"James Johnson",17909.63,NULL,NULL,"Low Risk of Churn"
920944,"Michael Davis",45319.26,NULL,NULL,"Low Risk of Churn"
922485,Unknown,7708.18,NULL,NULL,"Low Risk of Churn"
925146,"Susan Johnson",32923.32,2025-01-26,42,"Low Risk of Churn"
926110,Unknown,5574.83,NULL,NULL,"Low Risk of Churn"
927932,"Karen Miller",25636.03,NULL,NULL,"Low Risk of Churn"
930479,"William Hernandez",24682.60,NULL,NULL,"Low Risk of Churn"
931922,"Karen Martin",31840.89,2025-06-02,-85,"Low Risk of Churn"
932718,"John Lopez",16375.02,NULL,NULL,"Low Risk of Churn"
934299,"Sarah Wilson",16425.57,2025-01-28,40,"Low Risk of Churn"
100406,"William Thomas",2702.67,2024-06-03,279,"High Risk of Churn"
101574,"Robert Thomas",4719.01,2024-04-03,340,"High Risk of Churn"
107588,"Jessica Jackson",5558.32,2024-08-31,190,"High Risk of Churn"
109915,"Sarah Miller",27291.15,2024-08-20,201,"High Risk of Churn"
110898,"David Jackson",27297.66,2024-07-01,251,"High Risk of Churn"
119374,"Mary Williams",277.48,2024-07-22,230,"High Risk of Churn"
125124,"Sarah Williams",42369.90,2024-07-28,224,"High Risk of Churn"
147377,"Sarah Miller",17343.00,2024-05-17,296,"High Risk of Churn"
147745,"Mary Garcia",42410.85,2024-05-24,289,"High Risk of Churn"
148155,"Robert Hernandez",45953.94,2024-05-19,294,"High Risk of Churn"
151108,"David Rodriguez",46063.96,2024-04-13,330,"High Risk of Churn"
159252,"Charles Jackson",27510.10,2024-06-17,265,"High Risk of Churn"
162558,"Thomas Jones",12074.81,2024-06-06,276,"High Risk of Churn"
163358,"Joseph Garcia",10682.60,2024-06-21,261,"High Risk of Churn"
167556,"John Garcia",331.21,2024-08-05,216,"High Risk of Churn"
170990,"Jessica Martin",40676.96,2024-04-20,323,"High Risk of Churn"
182624,"Jessica Anderson",25636.03,2024-06-10,272,"High Risk of Churn"
192126,"John Wilson",44891.35,2024-08-16,205,"High Risk of Churn"
197133,"Jennifer Miller",28766.74,2024-08-19,202,"High Risk of Churn"
207167,"Linda Anderson",1354.05,2024-05-06,307,"High Risk of Churn"
215793,"Michael Smith",16022.37,2023-01-04,795,"High Risk of Churn"
218804,Unknown,36406.86,2024-09-09,181,"High Risk of Churn"
222498,"Linda Taylor",32247.16,2024-04-28,315,"High Risk of Churn"
232728,"Michael Hernandez",20840.54,2024-03-26,348,"High Risk of Churn"
235933,"Jennifer Rodriguez",31049.20,2024-08-24,197,"High Risk of Churn"
240262,"James Taylor",23062.08,2024-05-01,312,"High Risk of Churn"
257435,"Jessica Moore",13185.89,2024-07-26,226,"High Risk of Churn"
274020,"Robert Taylor",33638.41,2024-06-27,255,"High Risk of Churn"
282042,"Sarah Garcia",23196.99,2024-07-04,248,"High Risk of Churn"
288509,"Michael Thomas",32556.27,2024-08-01,220,"High Risk of Churn"
294326,"Joseph Garcia",45038.94,2024-06-14,268,"High Risk of Churn"
296200,"Thomas Garcia",30467.10,2024-05-29,284,"High Risk of Churn"
299893,"Mary Moore",28570.69,2024-04-25,318,"High Risk of Churn"
312536,"Susan Johnson",1175.79,2024-06-28,254,"High Risk of Churn"
319243,"Michael Miller",5114.73,2024-08-14,207,"High Risk of Churn"
323532,"William Davis",4639.71,2024-05-14,299,"High Risk of Churn"
330308,"Richard Smith",30745.01,2024-06-18,264,"High Risk of Churn"
334321,"Elizabeth Moore",23934.64,2024-05-05,308,"High Risk of Churn"
334892,"Patricia Gonzalez",25577.87,2024-08-17,204,"High Risk of Churn"
337008,"Jessica Gonzalez",36001.50,2024-08-09,212,"High Risk of Churn"
340617,"Barbara Moore",29997.96,2024-04-12,331,"High Risk of Churn"
344720,"Jessica Johnson",28931.18,2024-05-09,304,"High Risk of Churn"
344741,"Linda Wilson",9357.23,2024-05-21,292,"High Risk of Churn"
350700,"William Jones",39758.94,2024-07-25,227,"High Risk of Churn"
366098,"Linda Garcia",47770.73,2024-08-25,196,"High Risk of Churn"
367523,"Barbara Hernandez",36002.00,2024-05-16,297,"High Risk of Churn"
369204,"Michael Jones",2226.62,2024-09-04,186,"High Risk of Churn"
372756,"James Davis",39967.49,2024-06-01,281,"High Risk of Churn"
552637,"Karen Williams",41339.37,2024-06-19,263,"High Risk of Churn"
790702,"Charles Wilson",47215.89,2024-07-11,241,"High Risk of Churn"
595592,"David Williams",20956.38,2024-08-23,198,"High Risk of Churn"
401469,"William Martin",25636.03,2024-08-22,199,"High Risk of Churn"
879612,"Elizabeth Rodriguez",23039.29,2024-03-24,350,"High Risk of Churn"
885824,"Patricia Johnson",21247.49,2024-03-25,349,"High Risk of Churn"
886201,"Barbara Davis",7451.75,2024-06-25,257,"High Risk of Churn"
794053,"Thomas Rodriguez",9994.06,2024-04-07,336,"High Risk of Churn"
528097,"Sarah Moore",37312.14,2024-08-04,217,"High Risk of Churn"
502535,"Barbara Jones",30091.09,2024-06-22,260,"High Risk of Churn"
795889,"Barbara Garcia",9666.09,2024-07-29,223,"High Risk of Churn"
731317,"Joseph Brown",25460.37,2024-05-25,288,"High Risk of Churn"
731899,"Mary Wilson",29604.34,2024-04-04,339,"High Risk of Churn"
890231,"David Miller",45316.50,2024-08-08,213,"High Risk of Churn"
541749,"Charles Miller",6686.73,2024-07-17,235,"High Risk of Churn"
632690,"William Williams",39506.44,2024-07-09,243,"High Risk of Churn"
579616,"Patricia Williams",32516.09,2024-05-11,302,"High Risk of Churn"
574396,"Joseph Moore",44838.07,2023-01-02,797,"High Risk of Churn"
801052,"Charles Johnson",5516.95,2024-09-07,183,"High Risk of Churn"
892138,"Michael Thomas",28482.39,2024-04-29,314,"High Risk of Churn"
614907,"Richard Davis",44467.20,2024-07-24,228,"High Risk of Churn"
740508,"William Brown",4325.39,2024-06-12,270,"High Risk of Churn"
501942,"Barbara Taylor",2231.10,2024-08-07,214,"High Risk of Churn"
804679,"Linda Smith",47904.33,2024-04-01,342,"High Risk of Churn"
635130,"Charles Jackson",23046.52,2024-07-23,229,"High Risk of Churn"
590599,"Barbara Martinez",13424.59,2024-05-02,311,"High Risk of Churn"
744360,"Jessica Moore",48920.58,2024-07-21,231,"High Risk of Churn"
498698,"Linda Rodriguez",16334.42,2024-07-05,247,"High Risk of Churn"
907384,"Elizabeth Taylor",5798.93,2024-08-12,209,"High Risk of Churn"
907801,"Charles Johnson",12351.86,2024-04-18,325,"High Risk of Churn"
909845,"Elizabeth Smith",19770.72,2024-07-19,233,"High Risk of Churn"
710663,"Thomas Smith",44168.65,2024-07-20,232,"High Risk of Churn"
710890,"Robert Thomas",40974.66,2024-08-13,208,"High Risk of Churn"
746629,"Elizabeth Williams",28718.84,2024-07-08,244,"High Risk of Churn"
912337,"James Williams",49553.96,2024-04-21,322,"High Risk of Churn"
711487,"Charles Williams",33733.88,2024-09-05,185,"High Risk of Churn"
748938,"Charles Martinez",26187.20,2024-06-08,274,"High Risk of Churn"
656347,"William Rodriguez",31543.37,2024-04-19,324,"High Risk of Churn"
606765,"Sarah Gonzalez",49351.56,2024-04-05,338,"High Risk of Churn"
819952,"Michael Johnson",1936.69,2024-05-18,295,"High Risk of Churn"
919994,Unknown,19143.86,2024-07-18,234,"High Risk of Churn"
920011,"Elizabeth Taylor",15875.29,2024-05-15,298,"High Risk of Churn"
920306,"Michael Martin",15945.02,2024-06-11,271,"High Risk of Churn"
494191,"Mary Davis",38158.07,2024-07-31,221,"High Risk of Churn"
713631,"Joseph Garcia",466.27,2024-04-24,319,"High Risk of Churn"
821936,"Jennifer Johnson",24118.73,2024-07-13,239,"High Risk of Churn"
924918,"Jennifer Davis",25636.03,2024-08-21,200,"High Risk of Churn"
752415,"David Jackson",26051.66,2024-06-16,266,"High Risk of Churn"
394891,"Michael Martinez",33469.08,2024-05-10,303,"High Risk of Churn"
925564,"John Jackson",45728.85,2024-06-09,273,"High Risk of Churn"
926054,"Thomas Brown",31413.16,2024-08-30,191,"High Risk of Churn"
536027,"Susan Moore",6122.17,2024-06-23,259,"High Risk of Churn"
485494,"James Anderson",40216.58,2024-09-02,188,"High Risk of Churn"
534945,"James Jones",31724.39,2023-01-01,798,"High Risk of Churn"
394174,"Susan Johnson",9864.19,2024-08-15,206,"High Risk of Churn"
931618,"Barbara Hernandez",17847.55,2024-05-04,309,"High Risk of Churn"
825810,Unknown,46199.87,2024-07-12,240,"High Risk of Churn"
658379,"Karen Johnson",14367.49,2024-06-15,267,"High Risk of Churn"
393763,"Robert Brown",2031.87,2024-03-31,343,"High Risk of Churn"
659057,"John Rodriguez",26740.74,2024-04-02,341,"High Risk of Churn"
827121,"Robert Miller",6516.46,2024-07-15,237,"High Risk of Churn"
936946,"James Smith",46025.21,2024-08-27,194,"High Risk of Churn"
937337,"Barbara Taylor",16816.77,2024-08-10,211,"High Risk of Churn"
686034,"Sarah Williams",23483.11,2024-08-06,215,"High Risk of Churn"
479868,"James Gonzalez",9528.76,2024-07-30,222,"High Risk of Churn"
758374,"John Garcia",43638.34,2024-06-30,252,"High Risk of Churn"
833513,"Mary Gonzalez",45546.09,2024-04-27,316,"High Risk of Churn"
943117,"Elizabeth Miller",21888.40,2024-05-20,293,"High Risk of Churn"
943383,Unknown,35326.62,2024-05-30,283,"High Risk of Churn"
760445,"William Johnson",44496.67,2023-01-05,794,"High Risk of Churn"
389748,"Patricia Gonzalez",6930.58,2024-03-27,347,"High Risk of Churn"
600157,"Elizabeth Moore",40124.95,2024-09-08,182,"High Risk of Churn"
476299,"Jessica Rodriguez",14731.33,2024-06-02,280,"High Risk of Churn"
834282,"Charles Jackson",36099.25,2024-03-30,344,"High Risk of Churn"
761994,"Sarah Williams",26565.65,2024-09-03,187,"High Risk of Churn"
762548,"Michael Anderson",42618.40,2024-05-13,300,"High Risk of Churn"
950146,"William Davis",25636.03,2024-04-14,329,"High Risk of Churn"
950280,Unknown,15888.78,2024-08-11,210,"High Risk of Churn"
579995,Unknown,19552.10,2024-08-02,219,"High Risk of Churn"
464185,"Sarah Johnson",25636.03,2024-04-22,321,"High Risk of Churn"
386867,"Patricia Martin",27948.63,2024-06-05,277,"High Risk of Churn"
456843,"Barbara Davis",46106.33,2024-04-08,335,"High Risk of Churn"
582701,"Susan Taylor",16676.53,2024-03-23,351,"High Risk of Churn"
956076,Unknown,8013.33,2023-01-03,796,"High Risk of Churn"
619305,"Sarah Garcia",24174.78,2024-05-22,291,"High Risk of Churn"
763996,Unknown,25636.03,2024-06-07,275,"High Risk of Churn"
719248,"Barbara Martin",13961.91,2024-05-27,286,"High Risk of Churn"
764347,"Jessica Lopez",12694.58,2024-05-07,306,"High Risk of Churn"
628322,"Mary Wilson",21929.47,2024-05-08,305,"High Risk of Churn"
645213,"Jennifer Johnson",35168.51,2024-07-02,250,"High Risk of Churn"
766730,"Michael Hernandez",42983.48,2024-08-28,193,"High Risk of Churn"
961749,"Mary Johnson",1124.99,2024-06-29,253,"High Risk of Churn"
851388,"Barbara Wilson",15181.64,2024-07-14,238,"High Risk of Churn"
530894,"Charles Garcia",43395.88,2024-05-26,287,"High Risk of Churn"
645634,"Michael Rodriguez",38041.83,2024-04-30,313,"High Risk of Churn"
855099,"Michael Garcia",28880.95,2024-07-07,245,"High Risk of Churn"
383334,"Susan Wilson",42652.02,2024-07-16,236,"High Risk of Churn"
571485,"Sarah Taylor",28079.22,2024-05-03,310,"High Risk of Churn"
975629,"Karen Jones",13593.91,2024-08-18,203,"High Risk of Churn"
576798,"Karen Miller",44237.09,2024-06-24,258,"High Risk of Churn"
610011,"Richard Moore",14042.04,2024-03-28,346,"High Risk of Churn"
979666,"Sarah Wilson",28195.66,2024-04-10,333,"High Risk of Churn"
979900,"Barbara Martinez",40133.18,2024-06-13,269,"High Risk of Churn"
453812,"John Martinez",25636.03,2024-04-15,328,"High Risk of Churn"
721588,"Linda Davis",378.16,2024-07-10,242,"High Risk of Churn"
781925,"Susan Taylor",21561.57,2024-08-03,218,"High Risk of Churn"
983854,"John Gonzalez",11310.36,2024-05-31,282,"High Risk of Churn"
859112,"Richard Taylor",26444.50,2024-03-29,345,"High Risk of Churn"
859186,Unknown,32062.55,2024-07-06,246,"High Risk of Churn"
987854,"Joseph Lopez",28249.98,2024-06-26,256,"High Risk of Churn"
629678,"Patricia Lopez",25636.03,2024-05-28,285,"High Risk of Churn"
451536,"Patricia Lopez",19231.37,2024-05-23,290,"High Risk of Churn"
860006,"Richard Jones",1591.72,2024-04-11,332,"High Risk of Churn"
449205,"Robert Brown",25636.03,2024-05-12,301,"High Risk of Churn"
861903,"David Thomas",11045.91,2024-04-17,326,"High Risk of Churn"
783385,"Thomas Smith",13597.21,2024-06-04,278,"High Risk of Churn"
610886,"Patricia Moore",30039.64,2024-08-26,195,"High Risk of Churn"
380950,"James Johnson",5424.64,2024-07-27,225,"High Risk of Churn"
648248,"Jessica Lopez",37125.27,2024-07-03,249,"High Risk of Churn"
993875,"Linda Smith",35346.95,2024-04-23,320,"High Risk of Churn"
418213,"Linda Miller",36393.12,2024-04-06,337,"High Risk of Churn"
784176,Unknown,14200.42,2024-06-20,262,"High Risk of Churn"
377515,"Karen Wilson",15140.76,2024-09-01,189,"High Risk of Churn"
613253,"Mary Smith",4429.08,2024-09-06,184,"High Risk of Churn"
648500,"Linda Wilson",26064.21,2024-08-29,192,"High Risk of Churn"
417627,"Barbara Jackson",25489.45,2024-04-26,317,"High Risk of Churn"
701729,"Jessica Johnson",25636.03,2024-04-16,327,"High Risk of Churn"
802938,"Jessica Anderson",45190.14,2024-04-09,334,"High Risk of Churn"
