AccountNumber,AccountHolder,CreditScore,LoanAmount,Balance,RiskCategory
337302,"William Williams",554,42675.24,6312.18,"Medium Risk"
100406,"William Thomas",692,29390.24,2702.67,"Medium Risk"
344741,"Linda Wilson",662,28945.61,9357.23,"Medium Risk"
101574,"Robert Thomas",548,8423.36,4719.01,"Medium Risk"
518989,"Mary Gonzalez",543,49348.09,28552.07,"Medium Risk"
519898,Unknown,559,27099.30,7659.08,"Medium Risk"
950770,"Robert Anderson",590,40723.54,832.56,"Medium Risk"
757634,"Barbara Anderson",554,16206.92,7519.68,"Medium Risk"
107588,"Jessica Jackson",521,39786.21,5558.32,"Medium Risk"
107687,"Jessica Taylor",605,47294.46,18717.21,"Medium Risk"
587579,"Linda Williams",572,47533.40,1561.55,"Medium Risk"
827121,"Robert Miller",611,17602.11,6516.46,"Medium Risk"
220607,"Charles Hernandez",655,34778.92,21541.81,"Medium Risk"
303093,"Susan Jackson",607,38100.35,8863.28,"Medium Risk"
545578,"Jessica Rodriguez",659,41855.44,9222.65,"Medium Risk"
887245,"Elizabeth Wilson",683,43944.61,8858.49,"Medium Risk"
118749,"Barbara Lopez",693,11066.73,4143.09,"Medium Risk"
119118,"Charles Williams",579,43874.67,18217.57,"Medium Risk"
946555,"Charles Smith",638,48358.09,16594.62,"Medium Risk"
690299,"Karen Rodriguez",527,29846.66,1305.92,"Medium Risk"
410827,"Robert Smith",571,43410.13,2768.22,"Medium Risk"
232056,"Susan Wilson",611,35655.20,9647.47,"Medium Risk"
479868,"James Gonzalez",571,14791.91,9528.76,"Medium Risk"
931618,"Barbara Hernandez",593,31186.62,17847.55,"Medium Risk"
232728,"Michael Hernandez",633,40476.88,20840.54,"Medium Risk"
499889,"Richard Thomas",598,48887.65,32474.55,"Medium Risk"
417627,"Barbara Jackson",592,43955.93,25489.45,"Medium Risk"
873671,"James Davis",586,10898.29,1299.91,"Medium Risk"
611355,"Jessica Hernandez",530,49507.93,15305.66,"Medium Risk"
418998,"Patricia Smith",621,45319.21,9404.78,"Medium Risk"
920306,"Michael Martin",603,29073.76,15945.02,"Medium Risk"
855270,"Robert Wilson",518,34253.84,20215.54,"Medium Risk"
312536,"Susan Johnson",534,49150.56,1175.79,"Medium Risk"
752415,"David Jackson",631,41869.47,26051.66,"Medium Risk"
147377,"Sarah Miller",645,49605.74,17343.00,"Medium Risk"
590599,"Barbara Martinez",551,40860.44,13424.59,"Medium Risk"
826424,"Barbara Brown",666,13279.69,496.42,"Medium Risk"
845004,"John Martinez",615,24510.17,16313.85,"Medium Risk"
246666,"John Williams",571,45092.14,9412.32,"Medium Risk"
314311,"Barbara Hernandez",638,28301.43,13761.43,"Medium Risk"
422499,"John Smith",530,30460.13,3112.47,"Medium Risk"
422971,"Thomas Thomas",584,25835.41,11582.06,"Medium Risk"
819952,"Michael Johnson",611,16917.75,1936.69,"Medium Risk"
377515,"Karen Wilson",665,37738.67,15140.76,"Medium Risk"
721588,"Linda Davis",646,29650.74,378.16,"Medium Risk"
158105,"Thomas Lopez",587,37815.62,4944.23,"Medium Risk"
464185,"Sarah Johnson",680,45290.88,25636.03,"Medium Risk"
319243,"Michael Miller",567,19391.11,5114.73,"Medium Risk"
914019,"John Jones",502,28441.86,644.13,"Medium Risk"
380815,"Linda Taylor",591,40290.18,16590.51,"Medium Risk"
380950,"James Johnson",583,33283.82,5424.64,"Medium Risk"
468000,"Linda Lopez",522,38667.40,50.98,"Medium Risk"
902774,"Mary Williams",548,16305.01,10383.39,"Medium Risk"
817886,"David Martin",502,45692.19,8317.01,"Medium Risk"
653729,"Barbara Hernandez",692,40595.74,7304.43,"Medium Risk"
167556,"John Garcia",512,19666.29,331.21,"Medium Risk"
326344,"Sarah Johnson",591,31594.99,14639.41,"Medium Risk"
433677,"Jessica Gonzalez",527,28721.36,8862.95,"Medium Risk"
834035,"Michael Miller",528,42853.73,12585.99,"Medium Risk"
655084,"Jessica Martin",688,30167.20,4874.02,"Medium Risk"
537720,"John Anderson",640,41265.25,6443.71,"Medium Risk"
546333,"Charles Rodriguez",546,40729.11,18938.63,"Medium Risk"
171744,"James Wilson",636,28541.26,15868.00,"Medium Risk"
593137,"Charles Moore",693,37640.01,17333.73,"Medium Risk"
392450,"Michael Hernandez",516,34634.81,19495.03,"Medium Risk"
178253,"Barbara Wilson",619,32325.28,15363.51,"Medium Risk"
683625,"Jessica Jones",518,42212.60,19494.56,"Medium Risk"
713631,"Joseph Garcia",504,31761.43,466.27,"Medium Risk"
794053,"Thomas Rodriguez",515,22261.11,9994.06,"Medium Risk"
783385,"Thomas Smith",679,43246.50,13597.21,"Medium Risk"
442459,"Charles Gonzalez",645,11249.00,3307.42,"Medium Risk"
489894,"William Johnson",693,14224.69,8355.46,"Medium Risk"
666629,"Elizabeth Smith",618,47591.26,18465.17,"Medium Risk"
282848,"Jennifer Anderson",693,29712.64,5018.02,"Medium Risk"
283326,"William Martinez",665,48734.66,4207.36,"Medium Risk"
833675,"Linda Miller",618,9614.10,1209.94,"Medium Risk"
887809,"Linda Anderson",692,35301.99,11636.11,"Medium Risk"
771011,"Michael Moore",555,45248.01,7735.94,"Medium Risk"
664844,"Joseph Lopez",637,45116.66,18383.81,"Medium Risk"
610011,"Richard Moore",661,27039.92,14042.04,"Medium Risk"
340533,"Karen Anderson",652,34728.34,19702.76,"Medium Risk"
592563,"James Smith",630,48935.83,23802.65,"Medium Risk"
766598,"Joseph Jones",586,49693.87,17391.03,"Medium Risk"
400753,"Richard Martin",554,18772.02,6511.51,"Medium Risk"
202666,"Jessica Martinez",676,17513.69,7865.31,"Medium Risk"
541749,"Charles Miller",546,38643.68,6686.73,"Medium Risk"
493503,"Barbara Jones",583,30074.65,8711.06,"Medium Risk"
953005,"David Jackson",556,19863.54,1384.16,"Medium Risk"
953429,"Robert Brown",653,21795.16,8502.62,"Medium Risk"
977860,"Joseph Jackson",692,9678.12,5791.70,"Medium Risk"
989855,Unknown,569,7894.99,3145.34,"Medium Risk"
990272,"Michael Davis",666,6685.73,3644.11,"Medium Risk"
990289,"Patricia Hernandez",620,48325.21,19069.32,"Medium Risk"
994893,"Mary Davis",694,46698.26,11437.81,"Medium Risk"
110018,"Charles Brown",482,23058.16,44065.90,"Low Risk"
110040,"William Lopez",528,38778.23,36876.23,"Low Risk"
110898,"David Jackson",782,29017.38,27297.66,"Low Risk"
119466,"John Gonzalez",701,36219.06,8117.24,"Low Risk"
121787,"Charles Miller",379,25229.51,14589.55,"Low Risk"
122094,"Thomas Williams",331,15903.45,44878.96,"Low Risk"
123228,"James Smith",366,12621.33,26449.76,"Low Risk"
124845,"Elizabeth Moore",797,11474.51,5346.81,"Low Risk"
125124,"Sarah Williams",486,8685.91,42369.90,"Low Risk"
127491,"Sarah Garcia",398,15969.78,44932.62,"Low Risk"
130174,"Joseph Taylor",326,16159.05,31945.68,"Low Risk"
133095,"Elizabeth Brown",693,18145.37,34608.94,"Low Risk"
137059,"Jessica Taylor",315,25649.57,17631.64,"Low Risk"
139364,"Richard Williams",818,42643.82,5985.51,"Low Risk"
139679,Unknown,308,22686.39,23143.60,"Low Risk"
140388,"Patricia Jackson",619,7441.96,26414.30,"Low Risk"
147588,"Richard Lopez",782,39035.37,9057.84,"Low Risk"
147745,"Mary Garcia",475,14367.84,42410.85,"Low Risk"
148061,"Richard Martin",838,40588.04,12638.78,"Low Risk"
148155,"Robert Hernandez",706,8833.82,45953.94,"Low Risk"
151108,"David Rodriguez",511,7124.56,46063.96,"Low Risk"
152568,"Linda Thomas",849,41177.98,25636.03,"Low Risk"
152932,"Jennifer Martinez",797,34790.59,25636.03,"Low Risk"
153808,"Robert Miller",814,19453.83,15021.74,"Low Risk"
155215,Unknown,791,20733.75,11833.11,"Low Risk"
156023,"Michael Wilson",814,12212.51,46666.05,"Low Risk"
159252,"Charles Jackson",627,19914.61,27510.10,"Low Risk"
160085,"Jennifer Garcia",561,40357.39,33595.97,"Low Risk"
161495,"Jessica Garcia",528,35591.19,28886.45,"Low Risk"
162558,"Thomas Jones",824,6601.82,12074.81,"Low Risk"
163107,"Richard Garcia",730,22686.83,19002.32,"Low Risk"
164039,"Susan Lopez",771,19571.86,34574.49,"Low Risk"
164045,"Jennifer Davis",670,17571.03,12995.34,"Low Risk"
167736,"Michael Davis",770,29829.75,44646.66,"Low Risk"
167797,"Elizabeth Williams",351,13329.00,41366.77,"Low Risk"
168462,"Linda Anderson",686,17969.22,24682.38,"Low Risk"
169383,"David Martinez",686,19293.67,16244.19,"Low Risk"
169900,"Michael Anderson",384,28039.51,27915.48,"Low Risk"
170990,"Jessica Martin",420,39384.67,40676.96,"Low Risk"
174120,Unknown,408,11834.25,18670.91,"Low Risk"
178167,Unknown,490,40385.80,48099.58,"Low Risk"
180957,"Karen Gonzalez",757,9916.84,30703.50,"Low Risk"
182086,"Barbara Brown",348,26367.48,25466.98,"Low Risk"
182624,"Jessica Anderson",610,18338.08,25636.03,"Low Risk"
183246,"Barbara Moore",377,37229.93,31065.40,"Low Risk"
185353,"Robert Anderson",356,11686.90,30245.44,"Low Risk"
187452,"Jennifer Brown",793,9626.62,26701.18,"Low Risk"
190031,"William Jones",538,32676.00,41349.36,"Low Risk"
191172,"Jennifer Wilson",720,12250.76,13268.40,"Low Risk"
192126,"John Wilson",381,33320.41,44891.35,"Low Risk"
193639,"Richard Williams",842,44170.27,31695.83,"Low Risk"
195020,"Karen Martin",497,22480.79,39077.70,"Low Risk"
196646,"Thomas Lopez",574,41639.63,43319.65,"Low Risk"
197133,"Jennifer Miller",474,47938.53,28766.74,"Low Risk"
197475,"Jessica Williams",370,38482.99,33487.29,"Low Risk"
198037,"Sarah Jackson",563,41585.28,33227.94,"Low Risk"
199241,"Thomas Rodriguez",497,16711.21,21303.80,"Low Risk"
200570,"John Rodriguez",745,45289.46,3380.13,"Low Risk"
203993,Unknown,597,14525.24,19672.83,"Low Risk"
204982,"Barbara Anderson",769,38655.89,48083.93,"Low Risk"
205576,"Susan Taylor",653,11933.05,13506.26,"Low Risk"
206174,"John Smith",588,20377.41,16735.15,"Low Risk"
207167,"Linda Anderson",779,7805.58,1354.05,"Low Risk"
215793,"Michael Smith",376,25116.05,16022.37,"Low Risk"
217280,Unknown,397,28148.74,48542.10,"Low Risk"
218804,Unknown,843,11031.88,36406.86,"Low Risk"
222498,"Linda Taylor",541,24910.67,32247.16,"Low Risk"
228352,"Susan Johnson",565,17108.17,46015.59,"Low Risk"
231592,"Joseph Martin",791,39245.86,19602.89,"Low Risk"
231752,"John Brown",301,43837.97,27139.10,"Low Risk"
232531,"Elizabeth Davis",502,28006.88,30779.94,"Low Risk"
233172,"Thomas Garcia",706,45551.96,30340.70,"Low Risk"
235933,"Jennifer Rodriguez",774,9538.33,31049.20,"Low Risk"
239717,Unknown,398,44831.84,45835.12,"Low Risk"
240262,"James Taylor",679,24652.11,23062.08,"Low Risk"
241536,"Linda Jackson",621,37373.53,47304.13,"Low Risk"
242551,Unknown,823,10753.76,24154.77,"Low Risk"
243295,"Michael Williams",393,30018.02,40721.82,"Low Risk"
243536,"Charles Martin",364,12306.45,18719.65,"Low Risk"
247696,"Robert Davis",847,20993.96,16438.68,"Low Risk"
247818,"Karen Johnson",624,23480.25,43737.90,"Low Risk"
248540,"Mary Taylor",644,12879.09,44294.34,"Low Risk"
250484,"John Martin",801,10793.14,27978.62,"Low Risk"
250802,"Sarah Anderson",500,5761.55,48850.47,"Low Risk"
251672,"Susan Martin",545,27376.47,29763.43,"Low Risk"
254514,"James Smith",505,23934.77,20202.48,"Low Risk"
254745,"Jennifer Anderson",619,11279.17,43490.48,"Low Risk"
257222,"Mary Williams",839,8430.20,9678.09,"Low Risk"
257435,"Jessica Moore",706,10219.22,13185.89,"Low Risk"
260143,"Susan Wilson",416,6252.97,11630.84,"Low Risk"
260629,"William Moore",806,25037.45,25636.03,"Low Risk"
261457,"David Rodriguez",519,19988.26,41409.73,"Low Risk"
262504,"Joseph Martin",711,37171.00,49702.39,"Low Risk"
266628,"Jessica Anderson",570,41561.24,35604.21,"Low Risk"
271216,"Jennifer Williams",756,36198.34,25636.03,"Low Risk"
273481,"John Garcia",621,9891.22,25636.03,"Low Risk"
273833,"James Martinez",556,16711.24,32003.43,"Low Risk"
274020,"Robert Taylor",564,19300.20,33638.41,"Low Risk"
275431,"William Lopez",311,36372.77,34032.66,"Low Risk"
275654,"Thomas Williams",805,12373.85,45976.04,"Low Risk"
277429,"Thomas Miller",442,9212.82,35055.78,"Low Risk"
278036,"Richard Martinez",483,23068.38,22951.33,"Low Risk"
278581,"Robert Gonzalez",548,25495.76,41058.98,"Low Risk"
278842,"Linda Gonzalez",626,8710.74,26346.20,"Low Risk"
280534,"Elizabeth Brown",623,40147.57,31827.02,"Low Risk"
282042,"Sarah Garcia",817,13700.53,23196.99,"Low Risk"
284295,"David Smith",424,8619.37,36849.07,"Low Risk"
284492,"Michael Miller",710,10832.32,26740.49,"Low Risk"
285001,"Mary Gonzalez",761,24238.14,19903.32,"Low Risk"
286966,"Jessica Martin",501,6730.84,40250.92,"Low Risk"
288509,"Michael Thomas",508,13895.21,32556.27,"Low Risk"
289434,"Michael Thomas",315,33606.51,42569.94,"Low Risk"
290741,"Patricia Garcia",611,30534.27,40336.99,"Low Risk"
290842,"James Moore",824,37604.16,28955.23,"Low Risk"
293228,"Joseph Smith",317,32283.25,49560.85,"Low Risk"
294326,"Joseph Garcia",828,38676.00,45038.94,"Low Risk"
294643,"Susan Johnson",479,16869.24,9464.68,"Low Risk"
296200,"Thomas Garcia",318,42610.03,30467.10,"Low Risk"
299893,"Mary Moore",768,13423.28,28570.69,"Low Risk"
300103,"James Williams",718,32380.36,31504.84,"Low Risk"
303233,"Patricia Thomas",733,37503.08,43151.74,"Low Risk"
303489,"Mary Smith",488,24215.02,46326.63,"Low Risk"
305079,"David Smith",345,10292.26,29048.15,"Low Risk"
306082,"Thomas Jackson",606,7802.01,25641.32,"Low Risk"
306606,"Patricia Anderson",558,25298.19,49011.08,"Low Risk"
309277,"Mary Garcia",317,23216.37,41462.79,"Low Risk"
310171,Unknown,421,11812.62,40332.45,"Low Risk"
310588,Unknown,576,34343.99,35672.18,"Low Risk"
312686,"Barbara Hernandez",448,27635.96,31981.08,"Low Risk"
313522,"Jessica Brown",832,23675.29,41964.41,"Low Risk"
314513,"Elizabeth Brown",725,9105.72,13260.30,"Low Risk"
315254,"Richard Johnson",444,7498.10,17041.35,"Low Risk"
317813,"Michael Jackson",487,19656.82,47091.43,"Low Risk"
319021,"Elizabeth Anderson",673,26704.96,35457.14,"Low Risk"
319067,"William Rodriguez",420,8696.91,12686.24,"Low Risk"
320218,"Thomas Martin",619,19778.65,45648.47,"Low Risk"
323532,"William Davis",738,43006.39,4639.71,"Low Risk"
324280,"Linda Jackson",609,13872.07,23983.19,"Low Risk"
325479,"Linda Jones",835,15568.71,12062.86,"Low Risk"
326789,"Elizabeth Brown",719,39218.13,10972.79,"Low Risk"
327017,"Mary Garcia",460,27355.77,38151.19,"Low Risk"
327104,"Barbara Davis",498,12028.40,25163.24,"Low Risk"
327793,"Thomas Taylor",737,42576.91,30035.91,"Low Risk"
330308,"Richard Smith",707,18096.99,30745.01,"Low Risk"
331616,"Jennifer Taylor",472,42142.90,35273.17,"Low Risk"
332443,"Robert Jones",501,26950.93,31198.29,"Low Risk"
332804,"Patricia Moore",776,39428.34,27069.96,"Low Risk"
334321,"Elizabeth Moore",844,43837.58,23934.64,"Low Risk"
334892,"Patricia Gonzalez",847,39920.52,25577.87,"Low Risk"
337008,"Jessica Gonzalez",390,20974.77,36001.50,"Low Risk"
338593,"John Gonzalez",713,15964.76,35506.08,"Low Risk"
339215,"William Smith",417,49713.01,30753.52,"Low Risk"
340617,"Barbara Moore",807,18263.10,29997.96,"Low Risk"
341941,"Sarah Garcia",387,14155.27,18678.81,"Low Risk"
343139,"Mary Rodriguez",652,11738.49,25636.03,"Low Risk"
344720,"Jessica Johnson",816,9843.39,28931.18,"Low Risk"
350700,"William Jones",832,33204.01,39758.94,"Low Risk"
356567,"Jessica Taylor",470,30249.47,41955.97,"Low Risk"
361522,"Joseph Johnson",546,5667.19,47790.22,"Low Risk"
364822,"Susan Gonzalez",491,44636.47,49258.76,"Low Risk"
366098,"Linda Garcia",497,49543.32,47770.73,"Low Risk"
367523,"Barbara Hernandez",422,40664.73,36002.00,"Low Risk"
369104,"Patricia Martinez",717,22783.50,13295.43,"Low Risk"
369204,"Michael Jones",797,32845.43,2226.62,"Low Risk"
369798,"David Smith",586,15132.34,14753.56,"Low Risk"
370251,"Barbara Gonzalez",411,45763.23,43048.40,"Low Risk"
370444,"David Thomas",446,25477.38,29791.18,"Low Risk"
372756,"James Davis",626,7584.99,39967.49,"Low Risk"
373873,"Richard Jones",652,41012.52,40455.83,"Low Risk"
376069,"Elizabeth Anderson",555,15604.17,30691.81,"Low Risk"
380465,"Mary Williams",731,49612.09,41199.64,"Low Risk"
382367,"James Hernandez",623,6618.50,9727.55,"Low Risk"
383334,"Susan Wilson",813,35650.42,42652.02,"Low Risk"
385921,"John Gonzalez",764,18467.45,3830.30,"Low Risk"
386867,"Patricia Martin",731,47465.31,27948.63,"Low Risk"
389748,"Patricia Gonzalez",405,11508.86,6930.58,"Low Risk"
390421,"Susan Hernandez",518,21406.24,28572.03,"Low Risk"
392326,"James Lopez",767,26358.89,23817.62,"Low Risk"
393230,"Richard Jones",424,29413.64,27956.67,"Low Risk"
394174,"Susan Johnson",301,5776.25,9864.19,"Low Risk"
394891,"Michael Martinez",475,44318.52,33469.08,"Low Risk"
396770,"Patricia Jackson",329,41093.16,26147.17,"Low Risk"
398748,"Robert Garcia",328,36709.47,46819.25,"Low Risk"
398757,"Mary Martinez",840,19562.93,25636.03,"Low Risk"
399568,"David Smith",318,31619.89,39570.23,"Low Risk"
401469,"William Martin",361,22640.06,25636.03,"Low Risk"
401510,"Jessica Lopez",492,42733.54,46560.36,"Low Risk"
401985,"Patricia Lopez",677,7462.36,33871.20,"Low Risk"
402741,"John Gonzalez",502,8793.16,16354.20,"Low Risk"
409971,"John Gonzalez",427,22835.95,36431.99,"Low Risk"
410460,"Karen Gonzalez",661,33171.07,36537.96,"Low Risk"
411624,"Joseph Lopez",652,26540.34,25015.09,"Low Risk"
413035,"Jessica Thomas",375,25676.05,15366.22,"Low Risk"
418213,"Linda Miller",712,48317.48,36393.12,"Low Risk"
421982,"Jessica Taylor",490,21071.55,49678.62,"Low Risk"
424660,"Thomas Smith",536,29367.03,32274.95,"Low Risk"
429354,"Patricia Taylor",350,23204.49,12407.41,"Low Risk"
431346,"Robert Williams",559,17879.08,26852.45,"Low Risk"
436828,"James Martinez",531,21726.06,17259.54,"Low Risk"
438352,"Jessica Miller",555,28760.32,21771.56,"Low Risk"
438736,"Karen Jackson",804,31649.12,17385.01,"Low Risk"
439184,"Mary Lopez",651,22664.48,46084.18,"Low Risk"
443709,"David Williams",418,40641.60,33021.07,"Low Risk"
449205,"Robert Brown",456,16901.37,25636.03,"Low Risk"
450020,"Mary Jones",469,5797.42,25636.03,"Low Risk"
451536,"Patricia Lopez",399,32865.59,19231.37,"Low Risk"
451667,"Joseph Thomas",729,41429.53,24435.39,"Low Risk"
452361,"William Anderson",796,6140.99,19634.46,"Low Risk"
453812,"John Martinez",341,33087.20,25636.03,"Low Risk"
455743,"Thomas Miller",331,47554.86,29725.38,"Low Risk"
456843,"Barbara Davis",829,45172.25,46106.33,"Low Risk"
458817,"Susan Smith",666,15141.68,40402.78,"Low Risk"
459732,"Richard Taylor",365,29679.12,16146.10,"Low Risk"
460408,"Robert Rodriguez",786,38143.30,30768.81,"Low Risk"
463702,"Barbara Davis",733,20702.24,16185.74,"Low Risk"
468139,"Karen Williams",735,37141.63,24519.49,"Low Risk"
469304,"Sarah Smith",828,19903.64,44549.05,"Low Risk"
470701,"Charles Jones",457,32267.23,37539.24,"Low Risk"
471787,"Thomas Martin",627,8278.58,17274.22,"Low Risk"
473441,"Elizabeth Martinez",437,49527.86,40014.56,"Low Risk"
473801,"Linda Rodriguez",737,40222.01,33780.08,"Low Risk"
474054,"William Rodriguez",785,45244.43,25636.03,"Low Risk"
474083,"William Thomas",490,25458.49,25636.03,"Low Risk"
475720,Unknown,573,40750.29,31416.13,"Low Risk"
475911,"Charles Moore",567,17259.36,21859.77,"Low Risk"
476299,"Jessica Rodriguez",650,18929.68,14731.33,"Low Risk"
478475,"William Garcia",824,40951.79,26428.26,"Low Risk"
479052,"John Smith",480,11429.92,16516.97,"Low Risk"
481249,"Robert Brown",778,7145.67,31770.17,"Low Risk"
483271,"David Smith",801,25468.25,47156.93,"Low Risk"
485394,"Thomas Gonzalez",556,11370.29,13350.72,"Low Risk"
485494,"James Anderson",848,14300.74,40216.58,"Low Risk"
487972,"John Jackson",830,7877.03,32396.02,"Low Risk"
488440,"Mary Garcia",641,49712.31,39151.43,"Low Risk"
489292,"Michael Wilson",469,46531.91,27249.93,"Low Risk"
490001,"Barbara Martinez",305,20305.68,43652.36,"Low Risk"
491233,"Michael Taylor",666,11535.74,40845.69,"Low Risk"
491658,"James Moore",523,30075.17,25636.03,"Low Risk"
494191,"Mary Davis",476,45190.49,38158.07,"Low Risk"
495448,"Michael Taylor",476,18248.82,39752.89,"Low Risk"
498136,"Jessica Gonzalez",729,19950.40,24014.05,"Low Risk"
498698,"Linda Rodriguez",381,18865.99,16334.42,"Low Risk"
500508,"Richard Brown",462,36797.48,19587.91,"Low Risk"
501846,"Sarah Martinez",676,21588.22,24078.77,"Low Risk"
502535,"Barbara Jones",838,12275.76,30091.09,"Low Risk"
505639,"Susan Miller",810,41914.22,26918.10,"Low Risk"
507435,"Sarah Jones",371,48396.62,49086.90,"Low Risk"
508418,"Richard Martinez",796,19829.35,34060.81,"Low Risk"
509971,"Barbara Anderson",527,20375.66,45440.39,"Low Risk"
511482,"Susan Martin",760,33279.70,13851.99,"Low Risk"
521287,"William Jackson",387,31332.92,43737.87,"Low Risk"
522275,"Mary Anderson",808,7309.61,27853.72,"Low Risk"
524795,"Joseph Williams",815,49399.91,40977.50,"Low Risk"
525528,"Mary Brown",778,11555.95,26140.21,"Low Risk"
527947,"Susan Garcia",446,8873.43,24694.17,"Low Risk"
528097,"Sarah Moore",630,20356.18,37312.14,"Low Risk"
528230,"William Anderson",791,40548.22,39285.68,"Low Risk"
529303,"Joseph Miller",747,21669.10,49140.24,"Low Risk"
530894,"Charles Garcia",430,32367.18,43395.88,"Low Risk"
530933,"Mary Lopez",519,20380.16,25636.03,"Low Risk"
532324,"Jennifer Williams",719,36363.33,20088.10,"Low Risk"
534945,"James Jones",729,48133.56,31724.39,"Low Risk"
536128,"Michael Johnson",498,33466.91,25636.03,"Low Risk"
539316,"Patricia Davis",426,47163.24,35013.10,"Low Risk"
539827,"Jessica Moore",779,24748.02,30900.71,"Low Risk"
541459,"Jennifer Jackson",797,44060.52,26869.46,"Low Risk"
541510,"Jessica Rodriguez",529,8547.77,44618.89,"Low Risk"
545058,"Linda Gonzalez",845,28801.80,9576.87,"Low Risk"
545627,"Linda Lopez",653,49299.97,34416.78,"Low Risk"
546811,"Sarah Davis",718,22913.13,18996.66,"Low Risk"
546973,"Barbara Jones",666,22869.98,48511.04,"Low Risk"
547257,"Patricia Miller",343,10997.99,35737.75,"Low Risk"
550958,"Robert Smith",653,20811.19,37721.07,"Low Risk"
552637,"Karen Williams",841,13707.90,41339.37,"Low Risk"
552869,Unknown,303,34823.63,26599.31,"Low Risk"
553637,"Susan Martinez",799,30971.99,13747.60,"Low Risk"
555445,"Sarah Taylor",732,30104.36,1653.02,"Low Risk"
555939,"Barbara Miller",509,11981.73,36291.04,"Low Risk"
557614,"John Lopez",366,10101.81,49466.51,"Low Risk"
557977,"John Davis",482,9659.69,36957.39,"Low Risk"
559443,"Charles Smith",532,12491.14,37005.32,"Low Risk"
559666,"Linda Gonzalez",328,37229.35,20114.92,"Low Risk"
560576,"Thomas Martin",616,14591.51,26625.54,"Low Risk"
561648,"Michael Jones",368,11774.53,43993.71,"Low Risk"
562678,"Patricia Johnson",518,14392.74,36613.27,"Low Risk"
566565,"Mary Martinez",709,9788.26,47131.63,"Low Risk"
566909,"Jennifer Rodriguez",556,33494.45,32633.05,"Low Risk"
571485,"Sarah Taylor",326,36600.37,28079.22,"Low Risk"
572400,"Patricia Williams",639,16016.89,19350.04,"Low Risk"
573539,Unknown,395,19353.97,11482.77,"Low Risk"
574396,"Joseph Moore",703,41114.45,44838.07,"Low Risk"
575899,"Mary Jones",571,39177.53,43733.76,"Low Risk"
576798,"Karen Miller",421,46958.10,44237.09,"Low Risk"
578371,"Charles Lopez",417,15161.74,8756.60,"Low Risk"
578696,"Michael Brown",521,30669.56,28714.09,"Low Risk"
579616,"Patricia Williams",817,14232.82,32516.09,"Low Risk"
579995,Unknown,804,49041.14,19552.10,"Low Risk"
581771,"Robert Jones",314,5443.60,33718.17,"Low Risk"
582701,"Susan Taylor",845,40719.25,16676.53,"Low Risk"
583223,"Susan Miller",527,5511.81,48380.26,"Low Risk"
583312,"Jessica Smith",395,13112.32,41191.33,"Low Risk"
584733,"Linda Thomas",516,19068.50,43859.12,"Low Risk"
591704,"Barbara Davis",808,36483.72,27774.09,"Low Risk"
592557,Unknown,562,23106.27,39704.93,"Low Risk"
595355,"Karen Hernandez",819,38357.93,43110.82,"Low Risk"
595592,"David Williams",423,37508.25,20956.38,"Low Risk"
710375,"David Miller",767,27159.91,25636.03,"Low Risk"
598508,"Patricia Jones",356,9691.69,45941.88,"Low Risk"
600157,"Elizabeth Moore",503,5585.06,40124.95,"Low Risk"
606765,"Sarah Gonzalez",457,31737.83,49351.56,"Low Risk"
609472,"Susan Rodriguez",623,37734.61,30693.92,"Low Risk"
610886,"Patricia Moore",330,48765.87,30039.64,"Low Risk"
612423,"Patricia Williams",751,41906.81,5660.14,"Low Risk"
612670,"Thomas Anderson",348,34998.15,24274.58,"Low Risk"
612737,"Linda Moore",732,31839.41,28865.51,"Low Risk"
614907,"Richard Davis",631,29823.41,44467.20,"Low Risk"
615922,"Elizabeth Martin",419,18984.50,49962.62,"Low Risk"
616367,"Joseph Moore",741,12014.75,27699.35,"Low Risk"
619305,"Sarah Garcia",329,46263.09,24174.78,"Low Risk"
620344,"Jennifer Martin",523,29258.79,36697.14,"Low Risk"
621849,"Richard Wilson",793,30450.99,18246.71,"Low Risk"
623976,"John Gonzalez",518,16846.12,37010.35,"Low Risk"
624735,"Jennifer Jackson",383,7022.25,18466.39,"Low Risk"
626056,"Susan Thomas",422,24426.41,34435.25,"Low Risk"
629001,"Robert Jackson",471,36115.46,40729.84,"Low Risk"
629678,"Patricia Lopez",809,5705.43,25636.03,"Low Risk"
630163,"Robert Martin",797,9464.91,13091.48,"Low Risk"
631603,"Linda Martinez",589,23070.58,49269.46,"Low Risk"
631617,"Richard Davis",780,26867.78,4249.05,"Low Risk"
632690,"William Williams",538,16646.42,39506.44,"Low Risk"
634604,"Jessica Jones",751,15052.06,23687.87,"Low Risk"
635130,"Charles Jackson",530,32051.79,23046.52,"Low Risk"
637522,"Mary Martin",746,29143.58,41501.73,"Low Risk"
637547,"Thomas Moore",322,33638.10,24348.76,"Low Risk"
639992,"Joseph Davis",338,7171.81,38580.70,"Low Risk"
640162,"John Anderson",307,20589.96,18674.90,"Low Risk"
641674,"Jennifer Jackson",727,35911.81,21990.58,"Low Risk"
645213,"Jennifer Johnson",602,27932.36,35168.51,"Low Risk"
645634,"Michael Rodriguez",762,9957.02,38041.83,"Low Risk"
646021,Unknown,741,29043.46,25636.03,"Low Risk"
646072,"Michael Gonzalez",586,8135.06,22515.04,"Low Risk"
647981,Unknown,833,19562.96,36678.23,"Low Risk"
648248,"Jessica Lopez",747,5794.13,37125.27,"Low Risk"
648353,"Jessica Williams",843,43890.38,19699.15,"Low Risk"
648500,"Linda Wilson",518,9048.50,26064.21,"Low Risk"
652506,"James Anderson",338,23813.64,16530.73,"Low Risk"
653358,"Karen Jackson",826,17210.06,45276.78,"Low Risk"
654852,"John Jones",673,5268.57,46696.20,"Low Risk"
656347,"William Rodriguez",403,29953.19,31543.37,"Low Risk"
658379,"Karen Johnson",445,22564.27,14367.49,"Low Risk"
659057,"John Rodriguez",720,14698.96,26740.74,"Low Risk"
661073,"Mary Miller",394,36154.23,36947.82,"Low Risk"
664674,"Elizabeth Martin",758,11306.52,22083.90,"Low Risk"
664775,"Karen Davis",534,46680.58,44454.12,"Low Risk"
667120,"Elizabeth Williams",338,7352.88,44812.50,"Low Risk"
669707,"Susan Davis",765,19713.68,1041.80,"Low Risk"
670220,"William Williams",758,44030.89,29533.61,"Low Risk"
671909,Unknown,522,36832.60,34524.45,"Low Risk"
673166,"Susan Garcia",651,20565.85,21900.43,"Low Risk"
674332,"Richard Martin",682,46802.45,34002.18,"Low Risk"
678892,"Thomas Martin",709,20408.95,23003.51,"Low Risk"
679027,Unknown,830,20595.31,30523.96,"Low Risk"
679169,"Richard Smith",817,43403.17,39472.66,"Low Risk"
682026,"Charles Hernandez",701,31803.88,44267.78,"Low Risk"
682076,"James Jackson",810,35302.53,23300.71,"Low Risk"
682297,"James Taylor",580,37642.25,41132.54,"Low Risk"
683053,"Jennifer Williams",841,36411.24,17011.44,"Low Risk"
683863,"Robert Taylor",561,28417.35,36255.75,"Low Risk"
685995,"David Anderson",801,13491.19,836.16,"Low Risk"
686034,"Sarah Williams",704,7444.40,23483.11,"Low Risk"
687600,"James Garcia",581,43974.56,38999.23,"Low Risk"
688244,"David Moore",661,10028.32,40243.89,"Low Risk"
690503,"Joseph Anderson",335,26438.74,18062.97,"Low Risk"
691855,"David Johnson",764,6772.19,24558.86,"Low Risk"
694043,"Thomas Davis",510,21937.35,29843.29,"Low Risk"
695220,"Karen Martinez",420,26876.52,27553.55,"Low Risk"
697263,"Robert Gonzalez",311,49427.11,25636.03,"Low Risk"
697456,"James Miller",462,26047.51,13899.87,"Low Risk"
697890,"Robert Davis",726,31021.42,41936.91,"Low Risk"
698483,"James Thomas",784,14215.23,36401.73,"Low Risk"
700400,"William Davis",809,8534.82,3724.41,"Low Risk"
701239,"Jennifer Thomas",828,24098.19,11964.27,"Low Risk"
701729,"Jessica Johnson",366,38417.78,25636.03,"Low Risk"
702068,"Joseph Taylor",313,10605.69,21202.07,"Low Risk"
702192,"Elizabeth Gonzalez",767,46059.37,27201.21,"Low Risk"
702894,"Susan Jones",791,27927.28,22898.12,"Low Risk"
705974,"Jennifer Anderson",407,19574.94,47715.96,"Low Risk"
707002,"James Brown",741,37032.57,40920.73,"Low Risk"
708246,"Michael Jones",463,47567.85,34603.55,"Low Risk"
710663,"Thomas Smith",358,6436.59,44168.65,"Low Risk"
710890,"Robert Thomas",699,26335.60,40974.66,"Low Risk"
711487,"Charles Williams",755,47613.24,33733.88,"Low Risk"
711869,"Linda Taylor",502,44727.63,42277.49,"Low Risk"
712210,"Barbara Lopez",837,26245.02,18670.49,"Low Risk"
713728,"John Martin",661,29833.59,44291.83,"Low Risk"
716239,"Jennifer Davis",805,36534.96,42068.39,"Low Risk"
716955,"Richard Johnson",640,26083.55,44749.31,"Low Risk"
717314,"William Miller",645,24410.70,25636.03,"Low Risk"
717964,"Karen Garcia",431,49497.29,44182.05,"Low Risk"
719248,"Barbara Martin",751,37279.21,13961.91,"Low Risk"
719536,"John Wilson",316,45148.50,47584.70,"Low Risk"
719629,"Elizabeth Smith",427,8823.58,12264.18,"Low Risk"
720246,"Linda Anderson",542,15757.56,40791.08,"Low Risk"
720795,"Michael Miller",836,26528.01,5438.77,"Low Risk"
720979,"Susan Rodriguez",671,29280.41,30962.77,"Low Risk"
721003,"Linda Brown",382,42085.48,27659.04,"Low Risk"
727250,"James Johnson",599,34090.65,47492.84,"Low Risk"
728435,"Susan Lopez",343,26267.95,25636.03,"Low Risk"
729216,"Joseph Gonzalez",626,19332.13,49233.71,"Low Risk"
730088,"Sarah Jackson",343,8804.62,40881.88,"Low Risk"
730378,Unknown,311,14869.70,11244.18,"Low Risk"
731317,"Joseph Brown",387,23094.50,25460.37,"Low Risk"
731899,"Mary Wilson",654,6747.18,29604.34,"Low Risk"
733075,"Michael Hernandez",567,37710.38,31907.70,"Low Risk"
734063,Unknown,839,19391.43,16666.64,"Low Risk"
734519,"Jennifer Davis",650,13361.91,13749.42,"Low Risk"
736154,"Jessica Wilson",581,45373.59,42771.36,"Low Risk"
740062,"Richard Hernandez",702,13610.14,36991.79,"Low Risk"
742143,"Charles Taylor",766,6932.76,20494.91,"Low Risk"
743198,"Patricia Smith",479,7305.57,43778.09,"Low Risk"
744360,"Jessica Moore",516,44959.63,48920.58,"Low Risk"
745636,"Charles Brown",461,10422.81,39752.83,"Low Risk"
746127,Unknown,657,38800.31,32029.60,"Low Risk"
746629,"Elizabeth Williams",672,11908.78,28718.84,"Low Risk"
747722,"John Davis",471,18501.33,39881.32,"Low Risk"
748938,"Charles Martinez",753,30338.58,26187.20,"Low Risk"
750752,"Mary Davis",441,14435.54,28354.19,"Low Risk"
752140,"Susan Rodriguez",566,5874.91,40926.09,"Low Risk"
752678,"Barbara Anderson",821,32446.98,32460.37,"Low Risk"
755110,"Joseph Gonzalez",737,17047.66,17277.04,"Low Risk"
756508,"Robert Lopez",428,10406.19,14956.28,"Low Risk"
758095,"Barbara Moore",675,26065.32,30620.92,"Low Risk"
758374,"John Garcia",675,47230.58,43638.34,"Low Risk"
760445,"William Johnson",387,26105.29,44496.67,"Low Risk"
761121,"John Smith",482,31065.97,46188.89,"Low Risk"
761994,"Sarah Williams",403,18536.48,26565.65,"Low Risk"
762548,"Michael Anderson",503,34736.02,42618.40,"Low Risk"
762704,"Sarah Johnson",800,47629.31,20016.68,"Low Risk"
762865,"Richard Thomas",308,7603.96,24181.66,"Low Risk"
763996,Unknown,363,33858.98,25636.03,"Low Risk"
764043,"Jessica Miller",533,27445.26,47588.31,"Low Risk"
764728,"Robert Wilson",586,15011.13,46664.95,"Low Risk"
766730,"Michael Hernandez",638,24185.28,42983.48,"Low Risk"
771223,"Jessica Taylor",444,17909.36,35944.99,"Low Risk"
772662,"Patricia Lopez",478,47071.04,37872.42,"Low Risk"
775282,"James Lopez",376,26904.93,15603.79,"Low Risk"
777663,"Susan Martinez",464,11987.19,23510.86,"Low Risk"
778461,"Patricia Brown",782,40863.92,3616.41,"Low Risk"
781925,"Susan Taylor",734,24011.10,21561.57,"Low Risk"
782081,"Linda Anderson",688,14196.52,28219.85,"Low Risk"
783441,"Linda Jackson",801,48303.39,10168.15,"Low Risk"
784176,Unknown,486,18942.71,14200.42,"Low Risk"
788166,"Susan Lopez",720,22327.64,34995.51,"Low Risk"
790064,"Michael Martinez",458,7163.43,23350.32,"Low Risk"
790602,"Joseph Jones",414,44733.73,25636.03,"Low Risk"
790702,"Charles Wilson",715,24197.43,47215.89,"Low Risk"
791852,Unknown,403,21657.32,36066.30,"Low Risk"
794774,"Michael Taylor",568,19268.41,44989.91,"Low Risk"
795109,"Thomas Anderson",735,7606.66,4398.63,"Low Risk"
795997,"Mary Rodriguez",607,30875.72,45664.75,"Low Risk"
798753,"Karen Hernandez",349,49200.51,43060.03,"Low Risk"
798998,"John Jones",639,44707.01,33542.52,"Low Risk"
799466,Unknown,840,43038.02,4424.33,"Low Risk"
800710,"Charles Jackson",504,16905.08,43643.04,"Low Risk"
802815,"Barbara Jones",741,21998.03,4400.89,"Low Risk"
802938,"Jessica Anderson",415,34355.03,45190.14,"Low Risk"
803319,"John Thomas",748,42417.73,16760.58,"Low Risk"
804679,"Linda Smith",791,26695.91,47904.33,"Low Risk"
805682,"Susan Anderson",621,15775.76,13454.38,"Low Risk"
807233,"Karen Martin",536,39671.94,28354.01,"Low Risk"
807480,"Linda Smith",557,15879.65,22520.79,"Low Risk"
809549,"David Lopez",505,18750.33,47987.56,"Low Risk"
809611,Unknown,819,44271.95,25636.03,"Low Risk"
813438,"William Brown",670,27668.83,36484.51,"Low Risk"
814981,"Robert Jackson",413,47807.15,31495.07,"Low Risk"
815817,"William Rodriguez",530,19349.99,46345.39,"Low Risk"
816140,"Thomas Wilson",389,10005.53,28730.94,"Low Risk"
820202,"Charles Anderson",830,18179.64,17986.04,"Low Risk"
821592,"Mary Thomas",723,31123.91,8017.65,"Low Risk"
821936,"Jennifer Johnson",325,17638.95,24118.73,"Low Risk"
825048,"James Jackson",716,10905.84,32537.72,"Low Risk"
825214,"David Miller",512,11474.71,42229.56,"Low Risk"
825566,"Karen Jackson",575,37443.16,34656.14,"Low Risk"
825670,"Charles Gonzalez",614,22347.24,36972.12,"Low Risk"
825810,Unknown,384,12825.90,46199.87,"Low Risk"
826341,"John Lopez",849,41037.89,11623.57,"Low Risk"
827539,Unknown,660,47771.51,44167.47,"Low Risk"
830129,"Thomas Brown",370,18936.61,21543.68,"Low Risk"
832122,"Joseph Garcia",841,39475.17,27806.18,"Low Risk"
833513,"Mary Gonzalez",749,31867.19,45546.09,"Low Risk"
833714,"William Thomas",483,5387.95,47096.32,"Low Risk"
834282,"Charles Jackson",781,43149.22,36099.25,"Low Risk"
836368,"Elizabeth Williams",404,5798.15,25636.03,"Low Risk"
839173,"William Martinez",549,9268.02,40180.87,"Low Risk"
842559,"Michael Anderson",448,25056.66,25636.03,"Low Risk"
842673,"Barbara Davis",359,48430.05,45628.70,"Low Risk"
842736,"James Garcia",342,23025.28,19299.79,"Low Risk"
845265,"Jessica Gonzalez",823,40739.46,3826.72,"Low Risk"
845279,"Sarah Jones",788,49898.46,23049.07,"Low Risk"
848392,"Richard Anderson",416,32840.33,25636.03,"Low Risk"
848567,"William Wilson",346,7760.97,33504.13,"Low Risk"
851388,"Barbara Wilson",326,23857.54,15181.64,"Low Risk"
854690,"Jennifer Rodriguez",631,21238.88,17071.74,"Low Risk"
855099,"Michael Garcia",743,11448.62,28880.95,"Low Risk"
857121,"Karen Smith",472,18143.34,35788.16,"Low Risk"
857976,"Richard Gonzalez",672,39321.64,49567.26,"Low Risk"
858286,"Mary Brown",413,48503.24,44544.57,"Low Risk"
858622,"Charles Hernandez",498,41788.10,39303.08,"Low Risk"
859112,"Richard Taylor",759,40873.91,26444.50,"Low Risk"
859186,Unknown,703,8879.35,32062.55,"Low Risk"
859940,"William Smith",621,19165.51,25636.03,"Low Risk"
859997,"Jennifer Taylor",315,7742.34,16458.11,"Low Risk"
860006,"Richard Jones",730,10071.24,1591.72,"Low Risk"
860035,"Richard Smith",729,36425.04,6037.59,"Low Risk"
861903,"David Thomas",484,8852.95,11045.91,"Low Risk"
869765,"Linda Rodriguez",518,20302.99,40284.85,"Low Risk"
871591,"Jennifer Brown",705,38446.33,45468.14,"Low Risk"
871727,"James Smith",381,6440.79,40066.11,"Low Risk"
871955,"Jennifer Brown",394,29236.66,32327.24,"Low Risk"
873344,"Linda Davis",315,13507.60,27501.74,"Low Risk"
875193,"Robert Davis",818,33236.41,38642.93,"Low Risk"
875562,"James Taylor",771,11566.25,32060.65,"Low Risk"
875648,"James Jones",824,22745.74,40694.70,"Low Risk"
875740,"Charles Moore",301,9492.26,29666.73,"Low Risk"
878509,"Mary Williams",672,15506.11,43194.80,"Low Risk"
879077,"Joseph Williams",728,14897.74,47361.73,"Low Risk"
879612,"Elizabeth Rodriguez",753,25459.42,23039.29,"Low Risk"
885824,"Patricia Johnson",410,19276.34,21247.49,"Low Risk"
886201,"Barbara Davis",541,6925.27,7451.75,"Low Risk"
889433,"Robert Gonzalez",489,35485.21,25636.03,"Low Risk"
889665,"William Jones",839,20445.89,15705.46,"Low Risk"
890134,"Barbara Anderson",341,17379.39,36215.26,"Low Risk"
890231,"David Miller",398,39330.59,45316.50,"Low Risk"
890412,"William Davis",426,7586.25,25636.03,"Low Risk"
890501,"Linda Hernandez",397,40065.48,25636.03,"Low Risk"
890729,"Joseph Garcia",725,24453.97,5348.71,"Low Risk"
891320,"Jennifer Martin",489,44833.02,40446.64,"Low Risk"
891475,"Susan Miller",775,22026.54,46021.26,"Low Risk"
892138,"Michael Thomas",574,6433.07,28482.39,"Low Risk"
892378,"Mary Miller",417,13580.42,29047.87,"Low Risk"
893199,"Robert Taylor",675,23470.38,25636.03,"Low Risk"
894079,"Michael Miller",701,12731.94,25636.03,"Low Risk"
895721,"Joseph Martin",789,24300.47,25636.03,"Low Risk"
899236,Unknown,792,7009.25,1955.74,"Low Risk"
901962,Unknown,623,27686.99,48239.13,"Low Risk"
904017,"John Williams",640,23816.32,22200.33,"Low Risk"
907801,"Charles Johnson",501,5221.46,12351.86,"Low Risk"
909845,"Elizabeth Smith",849,40950.93,19770.72,"Low Risk"
909922,"Susan Moore",398,26649.69,29728.68,"Low Risk"
910186,Unknown,619,13488.17,21606.54,"Low Risk"
910723,"Jennifer Martinez",340,30925.29,35147.21,"Low Risk"
912337,"James Williams",619,8213.38,49553.96,"Low Risk"
913072,"David Gonzalez",849,23957.08,48376.88,"Low Risk"
915259,"Jessica Lopez",741,31679.58,19027.31,"Low Risk"
916300,"Michael Johnson",743,29291.35,22681.18,"Low Risk"
917940,"Sarah Williams",815,6820.34,5461.13,"Low Risk"
919994,Unknown,816,44281.96,19143.86,"Low Risk"
920699,"James Johnson",600,9333.17,17909.63,"Low Risk"
920944,"Michael Davis",508,36317.75,45319.26,"Low Risk"
924918,"Jennifer Davis",721,9128.45,25636.03,"Low Risk"
925146,"Susan Johnson",462,19265.24,32923.32,"Low Risk"
925299,Unknown,503,31681.31,37003.78,"Low Risk"
925564,"John Jackson",842,6308.04,45728.85,"Low Risk"
926054,"Thomas Brown",439,49797.16,31413.16,"Low Risk"
926110,Unknown,782,11751.65,5574.83,"Low Risk"
927932,"Karen Miller",375,5309.07,25636.03,"Low Risk"
930479,"William Hernandez",575,19365.73,24682.60,"Low Risk"
930814,"Robert Lopez",796,12266.87,41227.38,"Low Risk"
931922,"Karen Martin",602,44436.48,31840.89,"Low Risk"
932718,"John Lopez",689,7285.22,16375.02,"Low Risk"
933728,"John Williams",612,24648.74,45634.62,"Low Risk"
934299,"Sarah Wilson",321,20955.78,16425.57,"Low Risk"
935337,"Joseph Jones",733,35203.02,27306.38,"Low Risk"
936946,"James Smith",319,23154.38,46025.21,"Low Risk"
938020,"Elizabeth Martin",816,9234.35,13327.77,"Low Risk"
940376,"Susan Hernandez",574,7347.27,25636.03,"Low Risk"
941230,"William Davis",389,20813.27,36383.76,"Low Risk"
941994,"Patricia Moore",761,42698.93,44424.20,"Low Risk"
943117,"Elizabeth Miller",828,18296.96,21888.40,"Low Risk"
943383,Unknown,476,36109.41,35326.62,"Low Risk"
944342,"Sarah Lopez",636,19512.64,20264.99,"Low Risk"
944863,"Elizabeth Wilson",746,40774.33,47800.53,"Low Risk"
945486,"Michael Martinez",414,8546.47,28053.18,"Low Risk"
947781,"Karen Davis",838,10334.49,48770.24,"Low Risk"
948190,"Robert Lopez",468,23007.48,32971.00,"Low Risk"
949183,Unknown,803,13681.26,36270.40,"Low Risk"
950146,"William Davis",709,43146.02,25636.03,"Low Risk"
951910,"Michael Davis",798,25320.84,5774.96,"Low Risk"
952259,"David Martinez",704,29979.37,30820.44,"Low Risk"
100876,"Elizabeth Anderson",316,49394.82,40929.93,"Low Risk"
102194,"Linda Smith",347,5523.35,28165.81,"Low Risk"
956076,Unknown,591,9916.21,8013.33,"Low Risk"
958711,"John Hernandez",716,44338.85,25636.03,"Low Risk"
958812,"Patricia Jones",677,24798.26,25636.03,"Low Risk"
959008,"Michael Williams",821,45333.56,45094.21,"Low Risk"
959316,"Susan Thomas",478,20962.80,13124.10,"Low Risk"
960451,"David Martin",473,26761.19,24248.38,"Low Risk"
961561,"Jennifer Johnson",485,24120.39,46109.50,"Low Risk"
964957,"Sarah Jones",663,18424.82,33908.85,"Low Risk"
965967,"Susan Gonzalez",319,9539.32,45185.80,"Low Risk"
967018,"Susan Wilson",507,12239.86,29247.01,"Low Risk"
971702,"Robert Brown",828,26277.34,25636.03,"Low Risk"
972463,"Patricia Brown",686,31485.79,25636.03,"Low Risk"
974334,"James Williams",727,44556.38,43530.76,"Low Risk"
975629,"Karen Jones",445,18932.13,13593.91,"Low Risk"
104716,"Karen Taylor",446,14668.32,24824.46,"Low Risk"
977969,"Jessica Davis",517,31052.19,37461.62,"Low Risk"
979666,"Sarah Wilson",434,36026.42,28195.66,"Low Risk"
979900,"Barbara Martinez",514,38904.90,40133.18,"Low Risk"
981985,"Robert Smith",552,21091.05,21835.57,"Low Risk"
982637,"Linda Wilson",649,19511.22,31926.39,"Low Risk"
983391,"Robert Johnson",767,40223.52,7226.07,"Low Risk"
983854,"John Gonzalez",713,32907.62,11310.36,"Low Risk"
984214,"Susan Thomas",824,46370.28,14722.57,"Low Risk"
985593,"Michael Williams",399,18249.46,25636.03,"Low Risk"
987854,"Joseph Lopez",582,13518.99,28249.98,"Low Risk"
988817,"Jennifer Smith",362,10655.91,19108.62,"Low Risk"
105468,"Charles Brown",567,28100.46,39282.28,"Low Risk"
109038,"Michael Jones",768,22286.57,18458.48,"Low Risk"
109474,"Richard Rodriguez",811,24305.94,7408.18,"Low Risk"
991737,"Charles Wilson",535,30576.51,35098.08,"Low Risk"
992035,"James Taylor",327,9663.28,43223.69,"Low Risk"
993062,"Sarah Garcia",547,11843.42,25636.03,"Low Risk"
993875,"Linda Smith",418,30128.98,35346.95,"Low Risk"
993883,"Charles Lopez",416,24037.51,44904.82,"Low Risk"
109915,"Sarah Miller",464,21878.07,27291.15,"Low Risk"
995615,"Sarah Wilson",779,11009.66,11212.30,"Low Risk"
995933,"Elizabeth Miller",678,15990.90,26504.69,"Low Risk"
996071,"Karen Miller",610,16054.68,29497.73,"Low Risk"
996520,"Karen Smith",755,12318.89,9663.08,"Low Risk"
997085,Unknown,411,18887.00,27814.08,"Low Risk"
998496,"Sarah Thomas",333,36911.38,20336.91,"Low Risk"
717169,"Richard Moore",330,22726.68,499.41,"High Risk"
123664,"Patricia Rodriguez",456,37003.05,4648.37,"High Risk"
341112,"Thomas Thomas",339,39962.84,2305.33,"High Risk"
865289,"David Brown",339,29003.83,2715.17,"High Risk"
501942,"Barbara Taylor",363,44044.60,2231.10,"High Risk"
100268,"Patricia Martinez",349,25554.62,1295.11,"High Risk"
740508,"William Brown",362,31733.34,4325.39,"High Risk"
325217,"Joseph Rodriguez",395,28139.48,11670.03,"High Risk"
937337,"Barbara Taylor",484,48661.62,16816.77,"High Risk"
315929,"Barbara Garcia",357,44535.50,1845.63,"High Risk"
236383,"Thomas Miller",381,26940.66,6116.61,"High Risk"
439467,"Thomas Jackson",415,26898.74,11946.44,"High Risk"
718115,"Thomas Anderson",366,34543.45,1238.61,"High Risk"
669367,"John Thomas",345,46636.85,17400.69,"High Risk"
627867,"Linda Hernandez",364,23168.79,8399.28,"High Risk"
468728,"Mary Smith",364,36194.48,9754.93,"High Risk"
628322,"Mary Wilson",475,44415.31,21929.47,"High Risk"
334299,"Joseph Rodriguez",354,14713.32,4007.26,"High Risk"
119374,"Mary Williams",342,26872.03,277.48,"High Risk"
672321,"Thomas Smith",432,12811.97,4463.25,"High Risk"
784085,"James Johnson",492,41583.94,15789.16,"High Risk"
228660,"Patricia Williams",429,48000.96,21438.41,"High Risk"
194028,"Linda Miller",403,32832.85,16144.23,"High Risk"
950280,Unknown,346,48994.87,15888.78,"High Risk"
104796,"Charles Hernandez",300,35530.83,14831.37,"High Risk"
888443,"Patricia Hernandez",451,24172.01,7995.56,"High Risk"
313550,Unknown,358,21999.48,8307.07,"High Risk"
302619,"Linda Williams",364,43969.31,2744.12,"High Risk"
410628,"Mary Lopez",480,39947.82,14474.15,"High Risk"
786039,"Richard Rodriguez",402,32885.12,9421.17,"High Risk"
956852,"Charles Smith",348,19622.31,5561.16,"High Risk"
656500,"Joseph Moore",406,44144.82,20616.33,"High Risk"
750787,"William Smith",468,24796.00,167.87,"High Risk"
284255,"Elizabeth Miller",315,17701.40,7194.05,"High Risk"
379644,"Richard Miller",489,6242.11,459.40,"High Risk"
270204,"Thomas Smith",471,48253.72,5987.58,"High Risk"
370725,"Mary Wilson",468,46092.69,17251.31,"High Risk"
961749,"Mary Johnson",364,36288.55,1124.99,"High Risk"
834726,Unknown,335,47820.80,1127.87,"High Risk"
724712,"William Davis",472,28622.57,5648.19,"High Risk"
333602,"David Smith",355,11616.83,2552.35,"High Risk"
841566,"Joseph Johnson",383,26867.08,9164.66,"High Risk"
597740,"Mary Rodriguez",440,31472.68,12459.39,"High Risk"
641070,"James Lopez",302,47618.30,9217.53,"High Risk"
163358,"Joseph Garcia",361,36680.95,10682.60,"High Risk"
795889,"Barbara Garcia",476,31155.80,9666.09,"High Risk"
907384,"Elizabeth Taylor",395,34402.62,5798.93,"High Risk"
246136,"Charles Williams",470,35458.71,16316.14,"High Risk"
357487,Unknown,386,44121.26,19899.58,"High Risk"
729164,"Patricia Jackson",396,31152.11,6548.16,"High Risk"
845733,"James Lopez",431,41369.33,15652.27,"High Risk"
536027,"Susan Moore",345,24813.44,6122.17,"High Risk"
596415,"John Lopez",426,42712.99,16627.65,"High Risk"
800221,"David Hernandez",335,47869.31,857.67,"High Risk"
160902,"David Martinez",482,28617.62,11388.52,"High Risk"
853498,"Robert Moore",492,21824.89,10752.75,"High Risk"
988691,"Barbara Miller",305,48432.58,4588.23,"High Risk"
613253,"Mary Smith",455,41800.82,4429.08,"High Risk"
801052,"Charles Johnson",348,39426.22,5516.95,"High Risk"
855124,"William Wilson",398,23931.88,11874.19,"High Risk"
920011,"Elizabeth Taylor",472,37511.40,15875.29,"High Risk"
990727,"James Brown",307,11807.83,3907.89,"High Risk"
138073,"Thomas Wilson",470,24989.34,11287.14,"High Risk"
241480,"Charles Garcia",356,32400.23,15259.13,"High Risk"
731290,"Jennifer Lopez",408,12311.62,4185.26,"High Risk"
922485,Unknown,319,42545.23,7708.18,"High Risk"
626497,"Richard Jackson",383,36734.13,15476.70,"High Risk"
393763,"Robert Brown",468,14465.52,2031.87,"High Risk"
446821,"Jennifer Miller",448,48199.93,3991.06,"High Risk"
763560,"Linda Smith",421,48771.08,15807.51,"High Risk"
445577,"Susan Smith",328,14600.00,265.94,"High Risk"
699333,"Barbara Hernandez",442,15231.02,7549.03,"High Risk"
808573,"John Garcia",396,39062.80,14232.29,"High Risk"
764347,"Jessica Lopez",409,26157.01,12694.58,"High Risk"
